"imdb_id","popularity2","rating","totalVotes"
"tt0169547","16.217","8","6016"
"tt0119116","26.326","7.4","5862"
"tt0325980","28.244","7.7","11546"
"tt0266697","18.202","7.9","8638"
"tt0418763","9.653","6.6","1201"
"tt0078788","16.422","8.2","3591"
"tt0462538","13.965","6.9","4195"
"tt0245712","10.068","7.7","920"
"tt0399146","10.515","7.1","1380"
"tt0118548","9.334","6.6","363"
"tt0358273","9.345","7.4","1237"
"tt0249462","12.061","7.5","1706"
"tt0120586","14.802","8.3","5391"
"tt0381681","10.12","7.7","1277"
"tt0087544","14.656","7.9","1328"
"tt0430357","10.318","5.9","780"
"tt0087469","21.483","7.2","4529"
"tt0092890","15.25","7.3","2712"
"tt0097576","21.811","7.8","4994"
"tt0084827","8.054","6.7","1048"
"tt0185125","8.01","7.6","640"
"tt0120735","9.416","8","2750"
"tt0208092","17.401","7.8","4433"
"tt0086250","21.114","8.1","5032"
"tt0416320","10.537","7.3","1931"
"tt0120737","43.951","8.3","13552"
"tt0167261","24.886","8.2","11696"
"tt0077869","8.764","6.4","316"
"tt0107048","15.782","7.5","3744"
"tt0021814","6.388","7.2","442"
"tt0275491","8.17","7.3","361"
"tt0093191","9.64","7.8","433"
"tt0083511","9.817","6.6","585"
"tt0335266","11.539","7.4","3195"
"tt0468569","31.35","8.4","17810"
"tt0088170","6.762","6.6","619"
"tt0096874","10.423","7.7","6403"
"tt0092007","10.67","7.2","684"
"tt0289043","15.668","7.2","3040"
"tt0098382","8.038","5.7","543"
"tt0387564","15.627","7.4","4454"
"tt0101889","9.319","7.3","571"
"tt0181689","16.768","7.3","4272"
"tt0119396","12.653","7.3","2771"
"tt0066921","17.18","8.2","6122"
"tt0425210","15.082","7.5","2083"
"tt0401792","19.628","7.4","4274"
"tt0111280","5.5","6.5","630"
"tt0099088","9.595","7.4","5043"
"tt0112573","16.981","7.9","5162"
"tt0070379","9.573","7.2","716"
"tt0097165","13.204","8.3","5295"
"tt0053125","12.308","8","1732"
"tt0367882","16.157","5.8","4153"
"tt0088247","27.622","7.5","6348"
"tt0048028","9.168","7.7","273"
"tt0032976","11.189","7.9","592"
"tt0171804","9.896","7.5","587"
"tt0086066","10.222","7.2","504"
"tt0365737","8.709","6.4","654"
"tt0092005","13.925","7.9","2621"
"tt0110598","5.556","7.1","169"
"tt0068646","24.786","8.6","9368"
"tt0053291","11.864","8.2","1444"
"tt0099674","14.244","7.3","2666"
"tt0276751","7.262","6.6","1093"
"tt0099653","13.642","7.1","2557"
"tt0067992","10.572","7.4","1495"
"tt0360717","11.673","6.7","3973"
"tt0118819","6.18","7.2","177"
"tt0372784","22.288","7.6","11415"
"tt0116282","14.667","7.8","3563"
"tt0111161","30.102","8.6","12215"
"tt0086879","10.613","8","1907"
"tt0449088","23.29","7.1","7788"
"tt0094812","7.641","6.8","243"
"tt0034583","14.814","8.1","2356"
"tt0389326","2.523","8","25"
"tt0089015","4.291","7.1","44"
"tt0181852","17.61","6","3303"
"tt0496806","13.18","6.6","3241"
"tt0053221","9.229","7.9","446"
"tt0412019","9.388","6.9","553"
"tt0330602","3.293","6.1","40"
"tt0327056","12.327","7.7","2739"
"tt0417148","9.832","5.2","801"
"tt0107290","13.347","7.8","8295"
"tt0329388","4.175","7.1","57"
"tt0404030","5.194","7.4","363"
"tt0120663","18.042","7.3","2435"
"tt0078748","25.239","8","7054"
"tt0100150","10.769","7.6","688"
"tt0048728","8.681","7.3","532"
"tt0241303","9.368","6.9","1688"
"tt0379725","11.041","7","642"
"tt0103772","16.059","6.7","1447"
"tt0363771","25.277","7","5275"
"tt0118688","11.437","4.2","2474"
"tt0362270","8.077","7.2","1247"
"tt0268380","18.403","7.2","6967"
"tt0055256","3.902","7.7","117"
"tt0058331","14.702","7.6","2387"
"tt0319262","10.324","6.4","4039"
"tt0053779","10.252","8.1","604"
"tt0387898","7.508","7.1","394"
"tt0268978","16.49","7.8","5061"
"tt0315733","10.513","7.3","1487"
"tt0138704","10.264","7.1","1025"
"tt0162650","10.235","5.7","473"
"tt0043265","7.676","7.4","369"
"tt0097626","5.019","6.3","91"
"tt0125439","10.129","7.1","2606"
"tt0457513","10.21","6.5","720"
"tt0109707","9.948","7.5","1056"
"tt0089457","10.15","7","497"
"tt0119314","6.843","6.8","542"
"tt0137523","32.799","8.4","15256"
"tt0360486","12.232","6.7","2996"
"tt0120201","15.314","6.8","2321"
"tt0047396","11.206","8.3","2675"
"tt0112384","18.715","7.4","2621"
"tt0056869","11.469","7.5","1712"
"tt0065214","10.613","7.8","452"
"tt0114681","9.461","6.7","301"
"tt0073195","16.602","7.6","4541"
"tt0093300","7.915","3.7","381"
"tt0099348","12.805","7.8","1813"
"tt0405094","10.125","8.1","1569"
"tt0079470","10.478","7.8","1969"
"tt0120885","8.864","6.9","408"
"tt0274558","8.967","7.3","796"
"tt0362227","11.263","7.2","3466"
"tt0056592","9.494","8.1","1214"
"tt0043014","12.176","8.4","951"
"tt0089755","8.571","7.3","536"
"tt0363163","9.028","7.8","1630"
"tt0335345","10.788","7","1559"
"tt0004972","6.016","6.4","193"
"tt0103855","10.052","6.4","1187"
"tt0117951","25.696","7.9","4889"
"tt0110148","15.639","7.3","2593"
"tt0018455","7.606","8","287"
"tt0092563","9.489","7.2","583"
"tt0066434","8.276","6.6","393"
"tt0098635","13.774","7.4","1780"
"tt0180093","3.919","8","4475"
"tt0064115","13.878","7.6","974"
"tt0015648","7.637","7.6","426"
"tt0047296","10.836","8.1","625"
"tt0059800","14.403","6.7","919"
"tt0052618","11.136","7.7","1101"
"tt0140888","5.101","8","260"
"tt0062512","15.459","6.6","846"
"tt0364569","14.723","8.2","3441"
"tt0295297","40.269","7.7","10853"
"tt0090605","25.547","7.9","4812"
"tt0066995","12.798","6.4","867"
"tt0118884","12.514","7.3","2059"
"tt0076752","14.098","6.7","786"
"tt0069089","4.818","6.3","182"
"tt0079522","7.541","7.8","1049"
"tt0082398","17.207","6.5","766"
"tt0042192","7.75","8.2","628"
"tt0090264","14.654","6.2","788"
"tt0093428","13.066","6.4","702"
"tt0097742","15.26","6.1","848"
"tt0113189","17.285","6.8","1836"
"tt0181536","7.468","7.1","497"
"tt0109831","10.679","6.7","1175"
"tt0107822","8.901","7.4","531"
"tt0120347","16.563","6.2","1448"
"tt0092099","14.613","6.8","2912"
"tt0093389","12.624","7.6","599"
"tt0434409","15.951","7.9","7530"
"tt0116367","12.863","6.9","2775"
"tt0083907","11.934","7.3","1563"
"tt0092991","10.659","7.6","1239"
"tt0120681","10.633","6.6","1334"
"tt0449059","6.9","7.6","3214"
"tt0083987","10.329","7.5","1105"
"tt0432291","6.628","4","312"
"tt0056193","10.921","7.4","774"
"tt0063522","8.23","7.7","1600"
"tt0050212","13.696","7.9","851"
"tt0086541","9.917","7.3","824"
"tt0364961","5.294","6.7","133"
"tt0085811","6.646","5.9","203"
"tt0110475","23.701","6.8","4782"
"tt0100802","16.771","7.2","2691"
"tt0114709","20.157","7.9","9395"
"tt0106611","9.001","7","879"
"tt0060665","7.578","7.6","150"
"tt0023427","7.467","7.7","163"
"tt0104257","15.646","7.3","1491"
"tt0158622","6.873","4.5","294"
"tt0074119","14.938","7.7","694"
"tt0055798","5.996","7.4","109"
"tt0061512","10.433","7.8","593"
"tt0032553","10.793","8.4","1345"
"tt0317219","14.367","6.7","6834"
"tt0352248","8.937","7.5","1030"
"tt0087363","12.142","7","3014"
"tt0099700","9.829","6.4","1133"
"tt0048021","7.518","8","160"
"tt0057413","10.766","7","407"
"tt0093409","13.156","7.1","2155"
"tt0438097","13.357","6.6","5358"
"tt0054047","8.032","7.5","749"
"tt0054331","11.886","7.5","843"
"tt0054997","9.336","7.8","392"
"tt0067800","9.146","7.2","366"
"tt0031971","7.072","7.7","382"
"tt0166924","18.525","7.8","2721"
"tt0108185","6.83","6.3","147"
"tt0067116","12.24","7.5","699"
"tt0085276","7.148","5.8","98"
"tt0041959","12.703","8.1","727"
"tt0051378","7.214","7.7","159"
"tt0437232","4.994","6.6","50"
"tt0482571","18.948","8.1","7572"
"tt0443489","8.092","6.7","473"
"tt0436697","8.845","7","578"
"tt0427969","6.854","6.3","156"
"tt0453451","9.204","6.2","1335"
"tt0120679","10.339","7.5","878"
"tt0075148","22.44","7.7","3388"
"tt0079817","15.563","7.1","1819"
"tt0083944","15.018","7.3","2572"
"tt0089880","15.476","6.4","1466"
"tt0095956","10.906","5.9","1189"
"tt0084602","12.202","6.7","1662"
"tt0450259","12.591","7.5","3634"
"tt0100507","12.438","5.5","1286"
"tt0120780","8.618","6.6","511"
"tt0388789","3.844","7.1","90"
"tt0112760","8.919","5.8","219"
"tt0102757","3.165","6.2","23"
"tt0320244","5.738","6.3","85"
"tt0285823","8.807","6.2","991"
"tt0159097","10.926","7.1","1418"
"tt0348150","14.746","5.5","2194"
"tt0103594","9.318","6.2","327"
"tt0212346","16.018","6.4","1792"
"tt0455590","10.075","7.5","951"
"tt0264472","8.175","6.1","466"
"tt0369339","11.442","7.1","2362"
"tt0093437","8.296","6.9","817"
"tt0099582","13.259","6.4","680"
"tt0098067","7.818","6.7","257"
"tt0283900","8.397","7.2","462"
"tt0120804","12.415","6.5","3198"
"tt0081398","15.557","7.9","1682"
"tt0040746","9.44","8","995"
"tt0457939","12.221","6.9","2333"
"tt0108550","12.402","7.6","1674"
"tt0058586",NULL,NULL,NULL
"tt0212338","10.548","6.6","3039"
"tt0101765","12.403","7.6","246"
"tt0202677","6.479","6.4","169"
"tt0465494","13.401","5.9","1533"
"tt0106965","7.13","6","769"
"tt0230030","7.621","5.8","805"
"tt0120179","9.439","4.3","726"
"tt0375679","10.53","7.3","1778"
"tt0070849","8.691","7.2","472"
"tt0292506","8.738","6.3","822"
"tt0096928","9.175","6.7","696"
"tt0318462","7.48","7.4","546"
"tt0386140","8.7","6","1479"
"tt0070460","6.894","7.9","196"
"tt0444682","8.216","5.5","351"
"tt0065462","7.909","6.2","526"
"tt0068408","5.55","6.2","347"
"tt0069768","6.649","5.7","333"
"tt0405676","7.707","5.9","137"
"tt0120879","7.82","7","201"
"tt0088915","4.733","6.4","68"
"tt0183649","9.681","6.8","1760"
"tt0343660","13.533","6.7","3734"
"tt0409184","6.964","6.9","260"
"tt0156841","3.751","4.6","55"
"tt0294870","7.846","6.9","268"
"tt0068837","1.559","5.6","27"
"tt0092106","8.685","7","192"
"tt0031725","5.051","7.7","133"
"tt1298650","20.948","6.4","8040"
"tt0061735","7.961","7.7","292"
"tt0087985","8.057","6.3","330"
"tt0121765","12.565","6.5","6720"
"tt0121766","14.207","7.2","6975"
"tt0181865","8.331","7","926"
"tt0397535","8.646","7.5","1204"
"tt0112883","7.924","6.3","324"
"tt0230838","6.115","6.6","554"
"tt0289879","15.538","7.5","3568"
"tt0080678","9.625","8","1349"
"tt0489235","5.802","5.9","152"
"tt1053859","7.021","5.3","245"
"tt0387131","11.418","7.1","662"
"tt0765120","6.069","6.3","328"
"tt0842929","5.774","6.4","217"
"tt0338512","5.962","7.1","392"
"tt0104756","4.939","7","204"
"tt1032846","9.663","7.6","260"
"tt0164334","8.797","6.3","683"
"tt0410297","9.984","6.7","1191"
"tt0219699","10.094","6.5","491"
"tt0113862","5.787","7.1","162"
"tt0340377","8.796","7.5","289"
"tt0368891","32.418","6.5","3272"
"tt0190138","10.49","6.4","854"
"tt0458525","1.594","6.2","6085"
"tt0165929","13.654","5.9","511"
"tt0109890","9.958","5.4","131"
"tt0091828","8.416","5.6","273"
"tt0272020","6.278","7","462"
"tt0307479","6.102","6","586"
"tt0120812","10.607","6.8","2058"
"tt0120784","10.833","6.7","798"
"tt0313443","7.448","6.2","483"
"tt0327247","10.331","5.6","437"
"tt0177971","8.824","6.3","1007"
"tt0271027","10.165","6.5","440"
"tt0087089","8.728","6.6","143"
"tt0106453","8.108","4.5","105"
"tt0163579","4.579","5","57"
"tt0118771","7.386","6.6","337"
"tt0221218","7.981","5.6","348"
"tt0097257","7.355","5.4","155"
"tt0119791","4.955","6.1","165"
"tt0466816","4.891","6.9","68"
"tt0107497","8.254","6.1","166"
"tt0342172","5.44","7.4","163"
"tt0100211","4.933","6.9","43"
"tt0768212","7.33","6","192"
"tt0385752","13.835","5.9","2396"
"tt0409904","8.785","6.2","252"
"tt0144214","9.62","6.2","348"
"tt0159365","10.193","6.9","858"
"tt0109445","9.369","7.4","1197"
"tt0424345","9.837","6.9","616"
"tt0095593","5.938","5.8","104"
"tt0097351","9.529","7.1","629"
"tt0183869","7.829","6.1","767"
"tt0295721","8.678","5.6","657"
"tt0499603","6.835","6.3","92"
"tt0195234","8.807","6.5","206"
"tt0065112","8.251","6.1","120"
"tt0463872","7.385","5.2","911"
"tt0499448","16.397","6.5","3234"
"tt0093779","12.23","7.7","2212"
"tt0372183","12.284","7.3","4105"
"tt0102368","2.669","6.5","43"
"tt0338751","15.524","7.1","2479"
"tt0338427","6.256","5.8","123"
"tt0102598","3.879","6","62"
"tt0100201","4.914","6.1","87"
"tt0105165","3.221","5.6","49"
"tt0093260","11.133","6.7","521"
"tt0095253","7.108","6.4","222"
"tt0084434","10.538","6.8","405"
"tt0097493","8.76","7.4","690"
"tt0424136","9.01","6.8","1311"
"tt0251736","9.57","6.1","554"
"tt0118929","12.733","7.4","1268"
"tt0185937","12.083","6.3","1979"
"tt0086993","9.729","6.8","191"
"tt0178868","6.773","7","487"
"tt0286106","13.031","6.5","2625"
"tt0413099","11.236","5.4","2157"
"tt0179626","10.182","5.7","308"
"tt0090576","1.548","6.8","19"
"tt0257360","7.02","6.8","560"
"tt0109045","6.867","7.3","306"
"tt0252866","14","6.1","2433"
"tt0110950","7.934","6.6","310"
"tt0101393","10.959","6.5","559"
"tt0116313","7.385","6.6","310"
"tt0762114","6.609","5.5","467"
"tt0097428","13.781","6.4","1936"
"tt0109040","12.519","6.5","2865"
"tt0118998","12.259","5.5","1441"
"tt0027125","6.959","7.7","114"
"tt0027977","8.751","8.3","1608"
"tt0031679","10.226","8","420"
"tt0217505","13.468","7.2","3214"
"tt0219965","7.145","6.2","475"
"tt0433383","6.927","7.1","418"
"tt0780571","11.241","6.9","795"
"tt0059825","7.977","7.6","95"
"tt0405296","7.94","6.8","838"
"tt0096463","7.271","6.5","401"
"tt0141926","9.833","6.3","514"
"tt0824747","9.483","7.5","1956"
"tt0110907","6.063","5.2","68"
"tt0117438","11.113","6.6","779"
"tt0119345","9.954","5.8","1231"
"tt0130018","8.746","5.2","666"
"tt0779982","5.031","5.7","298"
"tt0335119","8.52","6.6","688"
"tt0120577","7.127","5.7","215"
"tt0044741","8.179","8.3","360"
"tt0207201","14.417","6.3","1847"
"tt0372588","9.19","6.7","974"
"tt0280491","6.385","7.4","110"
"tt0293662","20.875","6.6","2642"
"tt0071877","8.704","7.2","525"
"tt0134084","12.935","5.8","1315"
"tt0175142","18.518","6.1","3044"
"tt0347304","5.077","7.5","160"
"tt0795461","12.033","4.7","1382"
"tt0358135","7.741","6.1","541"
"tt0086837","7.849","6.7","409"
"tt0329575","6.156","6.9","380"
"tt0110322","10.173","7.4","1029"
"tt0080761","15.731","6.3","1155"
"tt0891527","5.784","6.1","357"
"tt0127536","8.688","7.2","611"
"tt0838221","9.876","7.2","1474"
"tt0451094","9.28","7.5","579"
"tt0377471","7.968","5.4","429"
"tt0361862","10.288","7.5","2201"
"tt1000774","7.735","6.3","922"
"tt0465538","10.642","6.7","779"
"tt0114388","8.884","7.4","633"
"tt0465436","6.863","6.2","118"
"tt0310775","7.809","7.4","509"
"tt0103190","2.925","6.5","35"
"tt0163187","12.144","5.9","875"
"tt0119395","11.054","6.2","831"
"tt0270288","6.9","6.7","478"
"tt0107057","1.837","5.7","38"
"tt0097166","2.515","5.6","22"
"tt0147800","14.788","7.5","3508"
"tt0146984","8.277","6.5","423"
"tt0119675","6.12","5.8","406"
"tt0478311","14.938","6.1","2011"
"tt0348836","9.014","5.9","1084"
"tt0091167","7.987","7.6","397"
"tt0469263","6.854","6.2","172"
"tt0293564","9.083","6.2","1343"
"tt0266915","7.609","6.5","1797"
"tt0066249","5.298","7.1","98"
"tt0096324","3.477","5.1","39"
"tt0338348","11.402","6.6","2963"
"tt0280707","8.243","7","420"
"tt0486583","8.132","5.5","379"
"tt0089791","7.317","6.4","353"
"tt0080453","8.613","5.9","757"
"tt0091217","6.38","7.2","212"
"tt0021577","4.568","6.9","99"
"tt0048473","6.961","8.1","105"
"tt0443632","6.828","5.9","341"
"tt0225071","6.784","5.7","144"
"tt0884328","12.442","6.8","2337"
"tt0075784","9.271","7.2","312"
"tt0758758","12.474","7.8","5337"
"tt0060934","5.541","7.3","99"
"tt0808331","5.047","5.8","113"
"tt0083922","8.463","7.8","257"
"tt0343135","7.516","5.9","1349"
"tt0063518","6.906","7.4","263"
"tt0120828","10.44","5.7","575"
"tt0236493","7.607","5.8","683"
"tt0078163","7.647","6.6","171"
"tt0120185","7.302","4.8","210"
"tt0110216","8.052","4.9","641"
"tt0119715","7.977","6.3","512"
"tt0115862","6.73","5.9","86"
"tt0120188","9.5","6.6","992"
"tt0329101","11.725","5.8","1026"
"tt0480249","17.703","7.1","8314"
"tt0099052","4.685","6.3","659"
"tt0113071","11.069","6","530"
"tt0138510","8.389","6","272"
"tt0841046","9.837","6.5","294"
"tt0805564","8.824","7.1","848"
"tt0465234","11.675","6.2","2788"
"tt0114069","9.901","6.4","801"
"tt0405422","15.851","6.3","3374"
"tt0372532","9.717","6.5","490"
"tt0455824","14.55","6.5","1202"
"tt0478134","8.831","6.7","429"
"tt0090728","12.208","7.2","1230"
"tt0116669","6.845","6.1","556"
"tt0870090","4.942","7.1","120"
"tt0120913","7.049","6.5","467"
"tt0426883","10.37","6.6","681"
"tt0811080","7.563","5.7","609"
"tt0443274","7.494","6.3","1047"
"tt0211465","10.557","5.9","147"
"tt0387808","9.429","6.3","1170"
"tt0369441","12.363","6","1083"
"tt0462499","12.49","6.4","1601"
"tt0443649","14.062","5.2","1504"
"tt0433387","7.702","6.5","302"
"tt0292963","11.705","7.1","628"
"tt0419887","6.907","7.3","660"
"tt0380510","11.54","6.8","2048"
"tt0102034","10.395","4.6","334"
"tt0110027","9.599","4.6","186"
"tt0272338","7.104","7","896"
"tt0419294","6.266","7.1","272"
"tt0478087","10.641","6.6","2163"
"tt0371257","5.764","6.6","579"
"tt0112851","10.1","6.8","1356"
"tt0062711","6.446","5.8","228"
"tt0057869","6.491","7.6","184"
"tt0103644","13.369","6.3","2603"
"tt0118583","14.959","6","2205"
"tt0880578","7.465","6","372"
"tt0108330","6.697","7.1","348"
"tt0318411","8.705","7.7","163"
"tt0056937","9.67","6.9","247"
"tt0089017","6.793","6.1","165"
"tt0134273","15.064","6.2","773"
"tt0489099","12.781","6","2975"
"tt0427470","7.898","6.6","313"
"tt0486822","8.056","6.6","1743"
"tt0104454","6.084","7.2","185"
"tt0780536","13.908","7.5","2269"
"tt1023481","11.832","6.5","1215"
"tt1038988","9.973","7.1","1778"
"tt0259446","10.428","6.3","1072"
"tt0072288","8.125","6.8","173"
"tt0365675","6.164","6.5","109"
"tt1080016","17.128","6.6","4217"
"tt0829482","11.102","7.1","3251"
"tt0102798","14.779","6.8","1549"
"tt1055369","4.784","6","4652"
"tt0144117","11.149","7.3","1212"
"tt0832266","9.47","6.8","1211"
"tt0113870","6.414","7.1","215"
"tt0340468","3.554","7.6","50"
"tt0439662","5.145","6.6","87"
"tt1023111","12.865","6.5","1002"
"tt0077975","8.493","7.1","704"
"tt0251160","9.856","7.1","1003"
"tt0110357","23.725","8.2","9427"
"tt0949731","12.081","5.1","1604"
"tt0120832","12.904","5.9","529"
"tt0116514","11.807","5","172"
"tt0871426","8.664","5.9","324"
"tt0419706","9.479","5","967"
"tt0116250","5.553","6.1","208"
"tt0111438","9.141","5.7","451"
"tt0443701","10.116","5.6","739"
"tt0312329","2.578","5","46"
"tt0113497","3.739","7.1","5524"
"tt0375173","10.098","5.6","424"
"tt0120207","6.809","4.1","87"
"tt0091326","8.94","6","789"
"tt0242423","9.601","5.4","869"
"tt0199753","6.437","5.5","430"
"tt0089767","7.684","7.1","394"
"tt1185616","6.269","7.9","470"
"tt0098084","10.325","6.5","738"
"tt0149261","10.158","5.8","1053"
"tt0263488","13.377","6.3","1267"
"tt0486674","6.667","5.3","199"
"tt0112740","9.767","7.1","763"
"tt0478304","10.433","6.6","1622"
"tt0419946","8.913","5.4","256"
"tt0391304","10.592","6.7","628"
"tt0398712","8.805","6.1","468"
"tt0093148","7.542","5.7","265"
"tt0140352","10.954","7.5","767"
"tt0397313","9.78","6.9","918"
"tt0280380","8.276","6","229"
"tt0375154","8.667","6.5","418"
"tt0066011","8.394","6.6","227"
"tt0113820","8.683","5.3","274"
"tt0399327","6.452","5.4","219"
"tt0112346","7.408","6.6","296"
"tt0113321","4.488","6.3","67"
"tt0114576","8.398","5.7","277"
"tt0257076","13.382","5.9","1157"
"tt0107156","4.109","7.1","75"
"tt0116213","13.374","5.8","816"
"tt0393109","9.657","6.8","541"
"tt0114857","7.911","5.5","237"
"tt0112281","11.896","6.2","1988"
"tt0116705","11.342","5.7","1082"
"tt0090329","9.095","7","651"
"tt0414982","9.693","5.9","1762"
"tt0056197","9.301","7.5","384"
"tt0398165","8.732","6.3","1429"
"tt0102070","10.011","5.6","414"
"tt0117333","7.031","6.3","514"
"tt0115736","7.426","7","320"
"tt0116654","6.395","4.6","221"
"tt0100263","7.619","7.2","853"
"tt0113568","10.36","7.9","1330"
"tt0277296","16.476","5.4","1492"
"tt0388482","21.022","6.2","1651"
"tt0389860","9.589","6.1","3655"
"tt0120746","8.466","6.4","2025"
"tt0113540","8.7","6.9","453"
"tt0114508","12.571","5.7","663"
"tt0309593","10.668","6.1","1833"
"tt0104691","9.555","7.3","1275"
"tt0100814","11.467","6.6","1465"
"tt0119008","11.825","7.5","1950"
"tt0104815","6.299","6.6","396"
"tt0091042","13.979","7.6","2231"
"tt0112571","5.388","6.4","85"
"tt0335438","9.53","5.7","1108"
"tt0107206","8.33","6.9","613"
"tt0427944","10.605","7.2","1050"
"tt0386741","5.891","6.6","114"
"tt0384369","6.152","7.2","123"
"tt0092493","7.793","5.6","492"
"tt0100029","7.41","6.1","304"
"tt0116704","8.768","6.4","170"
"tt0118604","7.558","5.4","235"
"tt0423294","8.874","6.1","1114"
"tt0119896","7.513","5.2","182"
"tt0120633","7.515","6.2","173"
"tt0120458","10.014","5.1","234"
"tt0120157","10.333","6.1","314"
"tt0139239","10.31","6.9","297"
"tt0117826","8.587","5.1","106"
"tt0118617","11.604","7.6","2859"
"tt0118956","6.069","6.1","250"
"tt0124718","6.301","6.7","265"
"tt0373074","10.799","7.2","1194"
"tt0183790","9.248","6.8","1526"
"tt0145681","9.097","6.7","1462"
"tt0113492","11.498","5.5","1063"
"tt0274166","19.19","6.2","1594"
"tt0128853","9.023","6.5","1519"
"tt0096320","10.806","5.8","935"
"tt0097778","7.687","6","1037"
"tt0305224","10.847","6","1517"
"tt1343755","5.745","5.9","137"
"tt0365485","10.098","6.3","207"
"tt0396269","13.2","6.4","2325"
"tt0449089","8.444","5.7","846"
"tt0122933","10.233","6.4","795"
"tt0091209","9.31","7","315"
"tt0070047","11.626","7.6","3578"
"tt0099365","9.862","6.4","529"
"tt0107808","9.955","7.4","630"
"tt0146838","7.291","6.8","753"
"tt0133385","9.168","5.9","813"
"tt0099739","8.37","5.6","227"
"tt0106677","9.582","7.5","907"
"tt0309377","8.576","6.2","337"
"tt0295289","7.26","5.5","134"
"tt0099165","6.568","5.5","199"
"tt0117887","7.846","6.9","367"
"tt0107362","11.436","6.2","1155"
"tt0101764","8.605","5.5","352"
"tt0112431","11.017","6.1","1399"
"tt0094761","6.925","6.4","295"
"tt0094898","11.131","6.6","1664"
"tt0293416","5.046","7","167"
"tt0108255","7.235","4.1","447"
"tt0087078","15.558","5.9","617"
"tt0120032","9.016","6.1","241"
"tt0116483","9.978","6.5","1209"
"tt0463985","2.954","6.2","2897"
"tt0304711","6.067","5","132"
"tt0118928","12.323","5.9","729"
"tt0368709","6.094","6.1","559"
"tt0288477","8.829","5.5","930"
"tt0096061","9.728","6.8","632"
"tt0317740","14.124","6.7","2876"
"tt0454945","7.291","6.6","1387"
"tt0053143","7.165","7.2","108"
"tt0088172","6.417","6.8","330"
"tt0454824","7.53","6.4","399"
"tt0097441","7.114","7.5","592"
"tt0366627","7.756","6.9","686"
"tt0420609","6.048","6.5","86"
"tt0375063","7.95","7.1","752"
"tt0387877","6.483","5.7","492"
"tt0454919","8.363","5","222"
"tt0462396","9.558","5.4","366"
"tt0244244","9.81","6.2","1391"
"tt0415306","11.714","6.3","745"
"tt0082418","8.87","6","580"
"tt0083972","9.533","5.7","480"
"tt0089173","8.076","5.1","366"
"tt0112442","16.895","6.6","2730"
"tt0120667","15.613","5.7","5197"
"tt0106697","20.66","6.5","1564"
"tt0212985","2.869","6.6","2128"
"tt0119485","6.05","7","163"
"tt0089155","8.502","6.8","295"
"tt0424823","4.753","5","235"
"tt0477051","9.199","5.2","854"
"tt0337921","8.545","6.2","906"
"tt0462590","14.963","6.8","2039"
"tt0380389","7.242","6.5","466"
"tt0421206","7.4","6.7","343"
"tt0099329","5.956","6.4","656"
"tt0119558","8.762","7.1","556"
"tt0119592","6.868","6.1","125"
"tt0120742","3.888","4.3","37"
"tt0118571","9.571","6.3","1319"
"tt0240890","10.897","6.8","902"
"tt0384793","8.693","6.3","701"
"tt0120660","10.902","6.8","1840"
"tt0232500","2.092","6.7","5085"
"tt0117500","14.268","7","2179"
"tt0317705","24.588","7.7","9801"
"tt0454987","5.712","5.6","119"
"tt0206275","6.128","6.4","621"
"tt0116999","6.424","6.7","250"
"tt0132347","9.33","5.8","362"
"tt0119891","7.815","5.3","161"
"tt0450340","5.481","6.4","181"
"tt0475276","6.869","7.1","598"
"tt0366548","13.018","6","2554"
"tt0120794","15.034","7.1","1755"
"tt0105112","10.026","6.6","678"
"tt0090859","11.17","5.8","661"
"tt0146336","9.558","5.7","503"
"tt0247638","18.626","6.7","2233"
"tt0133952","9.287","6.2","556"
"tt0233469","7.724","5.6","635"
"tt0256380","11.304","5.9","1371"
"tt0327162","6.257","5.6","598"
"tt0115798","8.799","5.8","994"
"tt0395251","5.82","6.2","224"
"tt0456554","10.294","6.8","305"
"tt0397101","8.961","6.5","961"
"tt0385726","7.01","7.3","261"
"tt0358082","11.003","6.2","2302"
"tt0097815","9.063","6.7","309"
"tt0357277","12.469","4.8","1079"
"tt0419749","4.966","6.6","206"
"tt0369672","7.369","6.9","170"
"tt0425601","3.18","6.9","68"
"tt0349467","5.698","5.4","129"
"tt0086508","5.106","6.2","67"
"tt0457495","6.854","5.1","365"
"tt0384642","6.081","5.6","265"
"tt0413895","8.115","5.9","570"
"tt0486551","8.715","5.8","243"
"tt0218817","6.635","6","239"
"tt0091538","8.109","7","89"
"tt0120053","9.51","6","494"
"tt0091738","5.365","6.1","230"
"tt0091187","8.101","6.7","396"
"tt0228333","13.062","5","454"
"tt0395699","8.775","5.9","1479"
"tt1078588","9.399","7.3","1066"
"tt0397078","9.176","6","1028"
"tt0480271","9.397","5","227"
"tt0414852","8.491","6.6","866"
"tt0382992","9.07","5.1","476"
"tt0259288","9.893","6.4","349"
"tt0227538","9.747","5.7","1644"
"tt0108333","7.469","6.3","362"
"tt0116225","10.407","5.8","623"
"tt0455362","5.676","5","135"
"tt0384806","9.135","6.1","1070"
"tt0318081","7.55","4.7","175"
"tt0499554","6.078","5.7","113"
"tt0012349","8.664","8.2","760"
"tt0094612","6.464","5.2","80"
"tt0433412","5.608","5.1","258"
"tt0091059","6.145","7","329"
"tt0094894","7.684","6.5","164"
"tt0094631","6.417","6","126"
"tt1013753","10.674","7.3","1060"
"tt0097757","20.294","7.3","3721"
"tt0114478","11.552","7.3","193"
"tt0084237","8.987","7.2","201"
"tt0120399","9.334","6.6","288"
"tt0089822","8.233","5.9","585"
"tt0097937","6.742","7.7","351"
"tt0100114","11.656","5.7","172"
"tt0046816","8.31","7.3","121"
"tt0805570","10.003","5.9","418"
"tt1018785","8.547","6.1","440"
"tt1068680","9.478","6.5","3225"
"tt0327437","9.139","5.8","1192"
"tt0128442","10.007","7","751"
"tt0097659","9.97","6.4","423"
"tt0091080","9.605","5.9","380"
"tt0084522","7.715","6.1","286"
"tt0099726","5.585","6.7","189"
"tt0097388","9.676","4.8","338"
"tt0457572","10.328","6.5","204"
"tt1234548","10.758","6","1196"
"tt0160862","7.959","6","821"
"tt0432283","11.728","7.7","2101"
"tt1124035","9.413","6.7","1340"
"tt0333780","8.77","5.4","708"
"tt0088933","7.771","6.5","532"
"tt0112715","6.901","5.2","350"
"tt0322330","10.9","6.2","1827"
"tt0120177","8.816","5.2","510"
"tt0049513","7.11","6.9","142"
"tt0048280","12.222","7","2467"
"tt0097637","7.69","5.8","373"
"tt0986233","9.355","7.3","519"
"tt1103275","7.854","6.7","261"
"tt0101775","6.378","6.1","156"
"tt0134983","7.65","4.9","153"
"tt0165854","8.264","6.7","165"
"tt0174856","10.624","7.4","622"
"tt0105151","7.685","7.1","275"
"tt0473188","7.167","5.9","163"
"tt0105226","8.364","6.7","106"
"tt0113243","8.994","6.3","584"
"tt0107473","8.824","5.7","125"
"tt0107209","3.054","6.9","55"
"tt0111693","8.516","6.5","124"
"tt0208988","7.531","4.9","243"
"tt0132245","7.85","4.7","298"
"tt0452608","14.394","6.1","1894"
"tt0410377","6.703","5.8","589"
"tt0157503","6.745","6.5","138"
"tt0200469","5.849","4.2","70"
"tt0104779","8.624","7","213"
"tt0110527","7.557","6.7","411"
"tt0114148","13.471","6.9","2876"
"tt0114345","5.932","5.7","194"
"tt0105104","8.532","5.7","390"
"tt0116683","7.08","6.3","593"
"tt0082869","10.914","6.3","220"
"tt0277941","7.547","6.2","174"
"tt0115571","13.155","6.2","293"
"tt0089901","5.812","6.5","85"
"tt0186151","8.947","7.1","750"
"tt0086154","9.088","6.2","242"
"tt0219653","10.611","4.7","260"
"tt0094862","15.317","6.4","1108"
"tt0093756","13.753","5.3","443"
"tt0277434","9.485","6.9","801"
"tt0265208","13.481","6.4","1395"
"tt0251114","7.14","6.2","381"
"tt0303714","6.114","6.1","195"
"tt0105839","9.165","7.3","89"
"tt0117786","8.642","6.2","230"
"tt0306685","7.873","5.8","360"
"tt0377092","14.195","7.1","4401"
"tt0083169","5.842","6.7","111"
"tt0113118","12.62","7.1","776"
"tt0096332","6.821","7.3","167"
"tt0223897","7.983","7.2","804"
"tt0070355","13.228","7.1","392"
"tt0086383","10.144","6.5","335"
"tt0090095","7.932","6.6","162"
"tt0960144","12.358","5.5","1785"
"tt1245112","9.899","6.5","852"
"tt0094291","10.191","7.1","896"
"tt0305669","5.351","5.6","304"
"tt1034314","8.305","5.7","781"
"tt0910970","17.923","8","10057"
"tt0147612","9.205","7.6","314"
"tt0120199","5.418","5.5","61"
"tt0250224","6.67","6.5","163"
"tt0046183","12.068","7.2","2647"
"tt0109402","7.204","5.7","137"
"tt0317303","7.834","5.7","1031"
"tt0318155","10.006","5.8","563"
"tt0112922","9.599","7.1","188"
"tt0074751","7.696","5.9","316"
"tt0331952","6.671","5.7","98"
"tt0338094","7.866","5.3","929"
"tt0473308","6.189","6.7","211"
"tt0815244","11.126","6.4","541"
"tt0866439","9.579","6.2","765"
"tt0830515","17.465","6.2","4225"
"tt0082377","11.685","5.5","199"
"tt0060315","6.247","7.2","309"
"tt0091419","7.147","6.7","631"
"tt0116365","8.705","6.8","645"
"tt0264395","7.922","6.5","469"
"tt0267804","10.172","5.9","672"
"tt0074812","9.914","6.7","380"
"tt0087050","8.595","5.7","376"
"tt0088680","8.41","7.5","447"
"tt0186894","6.413","5.7","202"
"tt0230011","15.279","6.8","2295"
"tt0119210","6.161","5.9","87"
"tt0117110","7.549","6.4","152"
"tt0180073","8.319","6.9","222"
"tt0242445","8.268","5.3","177"
"tt0083131","9.216","6.6","384"
"tt0303361","7.517","6.4","248"
"tt0105128","8.971","5.3","168"
"tt0054953","8.407","7.5","287"
"tt0313911","7.118","5.2","528"
"tt0080855","7.099","6.7","103"
"tt0092618","5.614","7.3","128"
"tt0046876","6.556","6.8","273"
"tt0235679","7.553","6.2","261"
"tt0239395","9.865","5.2","734"
"tt0093010","11.701","6.7","553"
"tt0115685","9.547","7","492"
"tt0076729","9.038","6.9","294"
"tt0274812","8.196","6.8","613"
"tt0112508","10.799","6.1","715"
"tt0328538","8.393","6.4","687"
"tt0331632","9.988","5.6","1109"
"tt0204313","10.877","5","312"
"tt0086637","7.432","7.5","358"
"tt0080661","12.778","6.8","276"
"tt0095497","7.942","7.2","364"
"tt0317676","6.545","2.9","159"
"tt0099850","11.817","6.5","130"
"tt0184791","7.816","5.8","126"
"tt0071230","13.866","7.3","887"
"tt0255798","9.126","4.6","529"
"tt0200027","9.058","6.5","188"
"tt0071455","5.47","5.6","116"
"tt0368933","15.229","6.4","1528"
"tt0091778","6.967","5.8","255"
"tt0079100","4.703","6.1","58"
"tt0104437","9.303","5.1","508"
"tt0370986","8.142","7.5","429"
"tt0758766","7.913","6.3","872"
"tt0079588","8.569","7.1","233"
"tt0099253","9.489","5.9","619"
"tt0103956","8.031","5.6","534"
"tt0379557","6.348","7.7","196"
"tt0486946","9.114","5.8","1126"
"tt0062467","6.543","7.5","186"
"tt0053580","5.195","6.9","123"
"tt0109190","9.575","5.9","528"
"tt0331953","6.574","5.1","163"
"tt0048750","8.571","7.1","271"
"tt0086955","4.824","4.1","42"
"tt0356470","9.109","6.3","1511"
"tt0082136","7.485","6.2","242"
"tt0086969","5.396","7.3","190"
"tt0091983","7.268","6.4","103"
"tt0116259","11.033","5.8","128"
"tt1152836","12.48","6.6","2149"
"tt1130080","7.86","6.1","446"
"tt0313542","11.383","6.9","548"
"tt0096794","6.272","6.2","230"
"tt0151738","11.501","6","692"
"tt0063374","5.118","7.7","205"
"tt0095271","9.125","5.9","415"
"tt0097474","9.972","5.2","374"
"tt0246544","7.252","5.3","92"
"tt0227445","8.517","6.7","694"
"tt0185371","10.736","5.5","353"
"tt0114694","9.41","6.8","469"
"tt0102004","5.596","6.2","165"
"tt0104036","7.208","7","291"
"tt0277371","9.74","5.5","812"
"tt0402399","7.201","6.5","527"
"tt0116908","11.48","6.6","497"
"tt0089670","10.57","6","340"
"tt0120434","8.524","5.9","248"
"tt0105428","7.766","5.3","170"
"tt0332047","7.892","5.9","297"
"tt0220506","9.833","4.4","437"
"tt0113819","7.271","6.7","244"
"tt0400497","10.159","5.2","1063"
"tt0249478","8.026","5.6","175"
"tt0405325","10.282","6","1061"
"tt0421239","7.798","6.2","807"
"tt0092263","7.656","7.5","154"
"tt0080120","9.052","7.5","786"
"tt0096071","8.931","6.4","175"
"tt0100475","5.213","4.8","76"
"tt0113845","7.98","5.6","331"
"tt0083190","5.892","7.2","201"
"tt0082348","10.387","7.1","401"
"tt0256415","8.856","6.2","700"
"tt0055184","7.017","6.9","129"
"tt0128445","8.589","7.5","1099"
"tt0303816","12.311","5.5","546"
"tt0092494","7.674","6.5","312"
"tt0090060","5.726","6.2","231"
"tt0075223","5.873","6.7","136"
"tt0257756","10.491","6.1","302"
"tt0421729","12.735","5.6","721"
"tt0118747","8.266","5.3","270"
"tt0104409","11.707","5.5","252"
"tt0059243","7.167","7.4","100"
"tt0111127","5.735","6.6","233"
"tt0099044","10.175","5.9","316"
"tt0164181","8.973","6.7","524"
"tt0097179","6.368","5.3","87"
"tt0289992","9.108","7.4","837"
"tt0171363","10.08","5.3","603"
"tt0043949","7.582","7.1","135"
"tt0124298","6.772","6.4","381"
"tt0401233","6.284","6.9","150"
"tt0302886","11.116","6.6","831"
"tt0372237","6.018","5.7","414"
"tt0082085","10.197","7.3","422"
"tt0417001","7.572","5.9","232"
"tt0093507","7.791","5.1","300"
"tt0085701","6.522","6.5","191"
"tt0154506","7.813","7.2","618"
"tt0405821","4.761","5.9","110"
"tt0425061","10.512","6.1","1715"
"tt0092675","9.427","6.7","632"
"tt0180052","6.31","4.3","215"
"tt1095217","10.228","6.1","501"
"tt0286112","8.671","6.7","815"
"tt0077416","12.574","8","1612"
"tt0480025","2.672","7.5","575"
"tt0103786","8.932","5.6","859"
"tt1093370","4.741","7.3","105"
"tt0120873","7.585","6.3","639"
"tt0253867","8.143","5.4","500"
"tt0051622","7.208","7.1","204"
"tt0095882","8.396","5","340"
"tt0804461","9.252","6.4","474"
"tt0072081","8.348","6.9","197"
"tt0099005","8.798","5.5","225"
"tt0110971","6.636","6","134"
"tt0113041","8.494","6.1","284"
"tt0089092","11.126","6.8","371"
"tt0265298","6.736","5.6","357"
"tt0090863","8.851","6.8","507"
"tt0113362","3.979","6.4","53"
"tt0087597","7.536","6.5","302"
"tt0070608","11.482","7.2","2158"
"tt0089941","10.843","7.1","206"
"tt0098105","11.015","4.9","315"
"tt0094142","10.939","6.1","223"
"tt0144120","8.698","5.6","655"
"tt0067927","9.319","7.2","174"
"tt0089469","9.606","6.2","459"
"tt0080487","9.809","6.7","541"
"tt0203019","8.151","7.2","902"
"tt0090563","5.617","7.4","140"
"tt0493430","6.898","6.3","475"
"tt0079417","8.253","7.5","869"
"tt0260866","7.71","6.1","376"
"tt0114214","8.785","6.3","679"
"tt0388139","5.743","6.9","79"
"tt0091777","9.842","5.7","457"
"tt0115857","7.309","5.5","425"
"tt0369226","8.682","3.2","260"
"tt0098273","6.663","6.7","236"
"tt0091877","8.832","6.7","155"
"tt1014759","17.123","6.5","8056"
"tt0114825","9.899","4.7","201"
"tt0120889","6.981","7","1043"
"tt1125849","10.749","7.4","1683"
"tt0811138","7.07","4.2","366"
"tt0107091","6.343","6.7","147"
"tt0369436","9.207","5.6","534"
"tt1226273","9.547","6.3","753"
"tt0061452","11.992","5.6","287"
"tt0192731","7.515","4.6","191"
"tt0451079","10.675","6.4","1601"
"tt0472033","11.879","6.7","1858"
"tt0326769","6.969","5.3","107"
"tt0077681","8.116","6.1","287"
"tt0279493","6.908","5.5","170"
"tt0377091","5.046","6.8","170"
"tt0857191","5.231","7.2","195"
"tt0202470","7.024","6.1","284"
"tt0183659","4.432","6.8","132"
"tt0113613","5.926","6.8","120"
"tt0098320","7.486","5.6","132"
"tt0076141","7.155","6.5","133"
"tt1225822","8.178","5.7","280"
"tt0286306","6.376","5.9","82"
"tt0268397","7.969","5.6","402"
"tt0276816","9.485","6.1","183"
"tt0210234","8.469","6.5","341"
"tt0287635","5.52","6.1","150"
"tt0094082","5.318","6.6","87"
"tt0315824","7.401","5","116"
"tt0108442","5.253","6.2","63"
"tt0091799","15.871","5.5","135"
"tt0098180","8.825","5.4","70"
"tt0800308","8.365","6.5","457"
"tt0081529","6.156","5.4","118"
"tt0076504","5.595","5.8","122"
"tt0091055","5.533","5.5","71"
"tt0099581","3.972","6.7","40"
"tt0119381","5.161","6","70"
"tt0089604","6.8","5.5","98"
"tt0291502","6.685","4.6","101"
"tt1213012","6.975","5.4","205"
"tt0942903","6.769","7.2","201"
"tt0081748","3.772","6.3","61"
"tt0467197","9.085","5.2","949"
"tt0450314","13.453","5.6","501"
"tt0780607","8.785","6","129"
"tt0106233","3.741","6.1","35"
"tt0259484","6.524","6.9","90"
"tt1029120","6.132","5.9","88"
"tt0822389","1.185","5.9","23"
"tt0482572","8.691","6.4","387"
"tt0102915","7.65","6","148"
"tt0458364","5.36","5.1","102"
"tt0850253","7.072","6.4","111"
"tt0884224","8.684","5.6","137"
"tt0780516","6.803","6.7","202"
"tt0360323","3.634","6.3","41"
"tt0108186","8.793","5.7","123"
"tt1139797","7.611","7.5","1464"
"tt0481536","11.924","6.2","721"
"tt0083929","10.418","7","516"
"tt0262396","3.998","6.4","45"
"tt0310281","5.76","6.9","107"
"tt1034331","10.926","5.9","579"
"tt0809504","6.89","5.4","291"
"tt0889588","7.353","6.8","73"
"tt0290332","3.401","5.1","44"
"tt0168786","6.727","6.8","201"
"tt0443584","8.749","4","222"
"tt0335559","6.482","5.6","268"
"tt0494652","7.034","5.5","103"
"tt0303933","6.621","6.3","166"
"tt0093560","6.279","6.8","203"
"tt1020530","9.833","6.7","726"
"tt1135985","7.502","6.1","536"
"tt0210382","5.148","5.7","67"
"tt0879843","3.86","7","81"
"tt0085210","6.8","7","91"
"tt0906665","5.344","6.2","138"
"tt0948530","2.43","6.8","18"
"tt0903135","4.168","5.7","63"
"tt0492956","6.659","6.2","873"
"tt0091159","5.997","6","84"
"tt0365125","5.938","5.2","96"
"tt0095519","6.777","6.2","141"
"tt0437800","6.575","6.8","134"
"tt0091993","4.791","5.8","84"
"tt0452681","6.738","5.1","457"
"tt1139668","6.793","5","653"
"tt1037218","4.439","6.8","64"
"tt1032755","11.131","6.9","1304"
"tt1082868","6.877","5.7","533"
"tt0138487","2.042","6.6","24"
"tt1075417","7.939","5.5","811"
"tt0102782","8.631","5.5","297"
"tt0326905","7.581","6.6","131"
"tt0105217","9.411","6","110"
"tt0089461","5.425","6.5","111"
"tt0278295","6.279","6","65"
"tt0466856","2.833","6.6","55"
"tt0482546","7.356","6.4","226"
"tt0430770","5.606","4.8","171"
"tt1082886","7.622","6.4","152"
"tt0914797","6.015","6.4","88"
"tt0881200","4.053","7.1","46"
"tt0427309","12.017","7.2","249"
"tt1166100","4.921","7","131"
"tt0449994","6.927","7.7","117"
"tt0480669","6.538","7.1","495"
"tt0361089","6.283","5.3","408"
"tt0489282","6.617","4.8","108"
"tt0109327","7.002","6","92"
"tt0104009","7.887","5","253"
"tt0380817","3.361","6.7","38"
"tt0218043","4.312","7.9","26"
"tt0110057","5.774","7.9","136"
"tt0436613","2.802","7.3","40"
"tt0437954","6.268","4.3","134"
"tt0800027","6.236","6.1","95"
"tt0473024","2.857","3.9","17"
"tt0963194","6.713","6.5","154"
"tt0888693","3.294","6.3","32"
"tt0253798","5.737","5.9","76"
"tt0097737","9.22","5.9","171"
"tt0089886","8.49","6.7","168"
"tt0449999","5.066","5.8","75"
"tt0118900","6.232","6.6","53"
"tt0110759","2.964","6.3","54"
"tt1129423","6.734","7.1","197"
"tt0094884","2.265","6.3","25"
"tt0134067","5.711","5.8","251"
"tt0492486","6.668","4.9","174"
"tt0080421","3.526","5.6","63"
"tt0093215","2.516","6.4","32"
"tt0473367","3.808","6.9","69"
"tt0081698","5.921","6.5","94"
"tt0172627","3.934","5.1","33"
"tt0108002","5.491","7.4","256"
"tt1095174","6.797","5.5","198"
"tt0047849","6.355","7.2","128"
"tt1114740","11.084","5.3","1258"
"tt0498381","10.172","4.9","1707"
"tt0803093","6.43","6.3","112"
"tt1073241","7.106","7","205"
"tt0083064","2.294","6","39"
"tt0060491","1.926","6.4","17"
"tt0094072","7.073","6.4","91"
"tt1078188","6.983","7.2","225"
"tt0380268","5.857","7.5","77"
"tt0076095","4.271","7.2","55"
"tt0089601","5.828","6.4","40"
"tt1220719","7.186","7.6","1813"
"tt0085862","5.988","6","96"
"tt0361841","6.509","5.3","184"
"tt0102721","3.079","7","39"
"tt0475783","3.627","7.5","68"
"tt0157472","6.477","5","127"
"tt0127723","8.793","6.2","196"
"tt0085542","5.88","6.2","62"
"tt0283160","6.041","4.8","42"
"tt0110763","9.235","6.4","335"
"tt0775488","2.738","6.9","19"
"tt0095863","7.299","6.3","135"
"tt0134618","7.667","6.2","103"
"tt0106500","8.504","6.2","58"
"tt0087727","7.959","5.5","172"
"tt0064040","6.142","8","204"
"tt0077523","7.675","6.2","178"
"tt0475298","3.265","4.3","26"
"tt0330691","5.104","4.7","76"
"tt0041996","4.227","7.1","51"
"tt0094715","8.166","6.7","106"
"tt0068421","5.731","7","90"
"tt0338325","5.071","5.6","89"
"tt0264761","5.65","6.1","93"
"tt0435623","4.957","6.3","62"
"tt0458367","4.469","6.1","87"
"tt0081777","4.714","5.2","90"
"tt1142800","5.159","6.4","70"
"tt0345074","3.701","6.3","42"
"tt0816545","1.848","5.9","28"
"tt0116118","6.054","6.3","102"
"tt0083564","7.092","6.3","323"
"tt0345551","7.008","7.1","103"
"tt0227005","5.434","6.2","72"
"tt0092746","6.278","5.9","98"
"tt0482930","5.131","6.4","73"
"tt0087892","5.273","6.9","108"
"tt0758742","6.617","6.9","238"
"tt0081590","2.078","6.3","39"
"tt0279111","5.221","5.9","71"
"tt0090319","2.836","6.6","47"
"tt0360130","3.677","6.1","52"
"tt0120906","6.061","6.3","81"
"tt0104418","3.102","6.2","39"
"tt0202402","6.332","5.3","94"
"tt0339412","7.253","5.1","95"
"tt0088979","6.871","6.3","116"
"tt0460810","5.88","5.9","119"
"tt0083767","9.89","6.8","367"
"tt0113305","5.361","6.6","83"
"tt0079826","4.433","6.9","43"
"tt0144168","8.221","5.8","111"
"tt0439630","6.398","6.5","62"
"tt0083630","6.207","6.1","135"
"tt0386117","7.414","6.4","905"
"tt0046435","3.929","6.4","39"
"tt1155056","8.035","6.5","838"
"tt0412922","6.36","6.9","339"
"tt0778661","3.749","6.5","30"
"tt1135487","6.55","5.9","325"
"tt0093378","7.223","6.8","210"
"tt0280030","8.005","6.2","655"
"tt0186589","5.683","6","98"
"tt0801526","3.28","5.9","56"
"tt0110978","8.385","3.8","171"
"tt1069238","4.829","7.9","291"
"tt0473705","10.942","6.8","773"
"tt0305396","3.409","5.2","44"
"tt0038057","4.434","7.8","110"
"tt0059127","5.198","6.3","80"
"tt0848538","5.497","5","74"
"tt0275022","6.615","4.9","274"
"tt1160368","11.01","5.7","345"
"tt0092948","5.958","7.4","148"
"tt0212380","3.2","6","53"
"tt0387055","2.387","5.3","34"
"tt0078872","4.86","7","97"
"tt0058085","6.087","6.4","51"
"tt0058946","7.709","8","264"
"tt0821642","7.256","6.6","383"
"tt0097790","4.762","5.4","50"
"tt1182345","11.347","7.6","2867"
"tt0865554","10.315","4.7","98"
"tt1231277","6.862","3.8","202"
"tt0073636","4.751","6.4","71"
"tt0106936","7.283","6.9","62"
"tt1136608","14.866","7.3","5121"
"tt0036872","3.673","7","53"
"tt1103982","4.991","5.3","131"
"tt0076070","8.502","6.6","186"
"tt0085750","11.345","4.3","486"
"tt0120620","6.37","6.4","171"
"tt0250310","4.884","4.2","71"
"tt0044030","4.514","6.6","28"
"tt0089839","7.223","5.3","85"
"tt0434424","1.763","4.7","18"
"tt1083456","8.527","6.1","294"
"tt0110329","6.911","4.8","85"
"tt0396707","5.597","6.1","203"
"tt0308772","2.496","6.6","23"
"tt1399952","2.232","4.9","22"
"tt1114677","8.78","6.3","971"
"tt0107889","2.518","6.2","31"
"tt0199314","3.898","5.3","57"
"tt0103994","5.429","6.6","117"
"tt0472259","2.299","5.6","29"
"tt0106471","7.584","4.7","82"
"tt1259571","19.388","5.7","4795"
"tt0089652","3.561","5.9","51"
"tt0962736","6.439","7.2","531"
"tt0109758","5.211","4.1","38"
"tt0114496","9.453","5.7","100"
"tt0844708","11.137","6.3","744"
"tt0118663","2.993","4.7","22"
"tt0087799","7.614","6.3","139"
"tt0380277","2.058","4.5","13"
"tt0413466","1.721","6.2","26"
"tt0169858","8.707","8.4","282"
"tt0104283","1.536","6","12"
"tt0045888","4.855","7.1","113"
"tt0085121","5.333","6.1","56"
"tt0104926","3.416","5.9","52"
"tt1119646","20.072","7.2","9759"
"tt0290747","3.662","4.1","53"
"tt0391024","2.841","7.5","26"
"tt0108526","9.903","5.9","188"
"tt0167137","1.726","6.6","23"
"tt0359423","5.681","6.9","72"
"tt0120800","7.616","6.9","373"
"tt0079489","4.326","6.2","46"
"tt0053716","2.593","6.7","41"
"tt0247303","2.709","4.3","43"
"tt0089730","7.775","5.4","115"
"tt0359517","4.518","4.5","55"
"tt0120467","2.147","5.3","24"
"tt0099399","6.705","5.2","71"
"tt0204640","4.089","6.8","21"
"tt0096945","6.24","6.3","144"
"tt0098193","6.188","4.8","48"
"tt0451038","0.939","5.5","18"
"tt0094318","1.869","6.3","34"
"tt1176740","6.007","6.8","292"
"tt0090098","4.887","6.4","60"
"tt0111218","2.513","5.7","14"
"tt0476991","4.033","6.5","47"
"tt0099817","11.122","5.9","105"
"tt0089984","1.912","6.9","20"
"tt0085678","2.454","5.6","36"
"tt0075265","6.76","5.9","62"
"tt0073075","1.929","6.1","24"
"tt1226774","6.252","7.2","285"
"tt0433362","10.138","6.2","953"
"tt1156398","14.506","7.2","5869"
"tt1022603","17.466","7.2","5174"
"tt0088678","2.61","6.8","32"
"tt0328962","2.871","6.8","33"
"tt0376127","1.383","7.3","27"
"tt0046126","7.424","6.8","141"
"tt1091229","2.711","4.7","32"
"tt1355546","2.284","6.5","25"
"tt1161443","1.652","5.7","19"
"tt0377701","2.208","6.4","15"
"tt0072926","6.19","6.2","137"
"tt0084788","3.204","6","32"
"tt0078902","5.899","7.4","101"
"tt0028333","3.753","7","84"
"tt0912597","6.426","6","99"
"tt0102802","7.325","5.5","90"
"tt0476805","2.04","5.7","22"
"tt1037705","11.153","6.7","3315"
"tt1104001","13.041","6.4","4153"
"tt0112688","5.851","6.9","112"
"tt1274295","3.429","7","43"
"tt0217756","5.763","4.8","70"
"tt0100740","7.297","6","131"
"tt0196857","5.949","5.7","76"
"tt0804529","3.21","6","60"
"tt0898367","11.098","6.9","1745"
"tt0179116","10.974","6.8","199"
"tt0775552","6.367","5.3","480"
"tt0387914","2.672","7.8","54"
"tt1142988","8.789","6.5","1843"
"tt0432047","2.532","7.1","30"
"tt0112453","8.916","7.2","925"
"tt0102592","2.884","6.7","45"
"tt1127715","5.011","7.4","214"
"tt0164538","3.419","6.6","52"
"tt0119815","3.564","7.2","38"
"tt0097142","3.316","6.3","31"
"tt0118849","5.591","7.9","197"
"tt1124052","6.846","7.8","80"
"tt0095304","5.177","5.7","88"
"tt0449851","6.105","5.9","263"
"tt0117372","7.174","5.6","95"
"tt0082817","7.073","6.3","136"
"tt0081562","7.772","6.6","178"
"tt0140796","3.7","4.6","75"
"tt0151582","1.838","6.2","29"
"tt0088224","3.176","5.8","32"
"tt0145937","2.149","6.5","60"
"tt0074706","2.622","5.5","13"
"tt0053793","3.956","7.5","50"
"tt0050468","7.208","7","104"
"tt0208196","5.27","7","60"
"tt0119934","2.891","6.5","29"
"tt0032143","2.668","7.1","42"
"tt1229360","4.844","7.3","80"
"tt0111333","10.026","6.6","465"
"tt0022879","3.277","6.5","44"
"tt0096943","2.617","6.3","17"
"tt0124879","5.94","6.6","97"
"tt1172233","7.646","6.7","582"
"tt1220198","9.331","5.9","723"
"tt0860906","6.715","7.8","199"
"tt1038686","8.431","5.3","1064"
"tt0093648","2.499","5.4","21"
"tt1193138","11.23","6.8","1913"
"tt1259521","15.604","6.5","3831"
"tt0947810","10.336","6.4","1095"
"tt0808510","9.4","5.3","968"
"tt0249241","5.791","7.9","109"
"tt0840361","11.713","7.1","2237"
"tt1250777","14.526","7.1","7079"
"tt0099277","5.162","6.2","80"
"tt0274497","5.757","7.4","211"
"tt0084867","3.226","7","21"
"tt0985694","9.237","6.3","1741"
"tt0111477","7.102","5.8","90"
"tt1385867","9.845","5.3","756"
"tt1179904","10.505","5.9","2507"
"tt1294688","12.083","6.1","414"
"tt0078056","6.658","5.7","45"
"tt0105466","4.098","6","70"
"tt0084469","2.829","5.5","39"
"tt1226681","8.349","6.5","277"
"tt1325004","18.176","6","4551"
"tt0479751","2.59","7.2","45"
"tt0192255","5.25","6.1","152"
"tt0091178","3.552","5.5","65"
"tt0462346","3.694","5.8","44"
"tt0122541","4.92","6.4","86"
"tt0978762","7.823","7.8","911"
"tt1216487","9.957","7","833"
"tt0095895","2.986","7.5","65"
"tt0109403","5.109","5.2","41"
"tt0450405","13.547","5.6","531"
"tt0848228","45.153","7.6","17988"
"tt1232776","6.892","7","410"
"tt0100053","2.835","5.3","27"
"tt0387059","2.594","5.3","42"
"tt0091670","5.485","7.7","151"
"tt0118829","4.4","6.5","49"
"tt1174732","9.37","7","676"
"tt1190536","8.114","7.2","290"
"tt0489244","3.457","3.9","18"
"tt0078504","4.585","5.8","101"
"tt0102202","4.706","4.4","53"
"tt0099994","6.831","5.3","146"
"tt0116552","7.912","6.1","184"
"tt0186045","5.163","5.5","66"
"tt0065486","4.527","6.9","64"
"tt0101371","3.478","6.3","17"
"tt0043338","6.481","8","214"
"tt0096223","2.974","5.2","26"
"tt0034587","5.825","7.1","168"
"tt0102951","6.017","6","100"
"tt0102116","3.619","6.8","49"
"tt0120036","3.201","6.8","42"
"tt1142433","6.085","5","147"
"tt0053877","3.123","6.3","39"
"tt0050629","1.735","6.2","13"
"tt0094678","4.41","4.6","60"
"tt0453365","2.184","5.4","15"
"tt0166943","5.211","6.7","87"
"tt0085780","6.833","5.8","80"
"tt0102343","5.833","5.6","94"
"tt0060490","3.633","6.7","53"
"tt0119937","2.554","6.6","37"
"tt0083170","3.84","3.8","38"
"tt0095169","3.015","5.9","50"
"tt1210042","7.613","6.3","427"
"tt0109361","3.055","4.9","37"
"tt0085672","3.229","4.2","30"
"tt0090856","3.454","4.8","27"
"tt0368774","6.935","5.7","67"
"tt1212974","6.473","4.8","137"
"tt0093223","5.851","7","122"
"tt0105691","3.606","5.9","26"
"tt0339419","2.985","7","37"
"tt1106860","6.932","5.8","108"
"tt0034746","1.824","6.7","22"
"tt0963966","12.866","5.9","2665"
"tt1276105","2.442","5.9","26"
"tt0987918","2.806","4.4","32"
"tt0089603","3.774","7.9","67"
"tt0077372","2.124","5.5","22"
"tt0251806","4.466","5","55"
"tt0094792","5.68","5.5","85"
"tt1244659","6.836","6.3","145"
"tt1038919","10.126","5.7","1494"
"tt1320253","22.853","6.1","4384"
"tt0472399","14.448","6.3","1577"
"tt0056800","4.763","6.8","56"
"tt0071110","6.942","5.7","109"
"tt0111419","5.381","6.2","213"
"tt0325055","5.177","5.8","55"
"tt0795351","9.294","6.2","1037"
"tt0093073","3.447","6.1","36"
"tt0113537","4.351","6.9","54"
"tt1288403","7.189","5.4","169"
"tt0037884","8.088","7.6","192"
"tt0097100","4.04","5.2","61"
"tt0887745","1.566","6","17"
"tt1474276","6.574","7.5","409"
"tt0015400","3.351","7.5","55"
"tt0171356","4.907","5.3","50"
"tt0120176","6.732","7.1","110"
"tt0082009","2.459","7.1","40"
"tt0056368","2.538","6.5","38"
"tt0040064","4.54","6.3","63"
"tt0096246","1.775","4.7","15"
"tt0238891","4.593","7.7","268"
"tt0089009","1.565","6.5","19"
"tt0059418","5.586","6.5","56"
"tt0079640","2.244","6.3","15"
"tt0046247","5.568","6.5","82"
"tt0040175","3.489","5.9","20"
"tt0352343","6.074","7.1","109"
"tt0256276","5.003","6.2","88"
"tt0084156","1.591","5.9","13"
"tt0091472","3.156","6.3","41"
"tt0076271","3.418","5.4","48"
"tt0070165","2.172","6.9","29"
"tt1403130","5.858","6.7","72"
"tt0098385","3.464","5.5","34"
"tt1483025","10.175","6.7","172"
"tt0086355","2.954","6.5","37"
"tt0089338","3.549","5.8","20"
"tt0377992","1.573","8.6","17"
"tt0097880","4.181","5.8","38"
"tt0239986","2.157","6.1","27"
"tt0188030","4.381","7.2","90"
"tt1193516","5.307","4.9","45"
"tt0098356","7.006","5.2","18"
"tt1480660",NULL,NULL,NULL
"tt0114885","4.599","6","53"
"tt0214289","5.477","6.4","168"
"tt1227189","2.852","4.7","22"
"tt0107626","2.033","5.4","30"
"tt0024481","3.694","7.2","41"
"tt0115530","1.868","5.4","18"
"tt0098471","4.48","6.2","85"
"tt0099566","2.499","7.2","29"
"tt0092226","2.476","5.9","35"
"tt0072737","2.067","6.4","26"
"tt0102220","4.808","5.9","36"
"tt0091554","2.549","6.3","32"
"tt0077629","3.054","6.9","31"
"tt0087751","3.619","6.5","21"
"tt0105391","6.511","6.3","67"
"tt0099710","2.72","5.5","51"
"tt0101606","3.578","5.4","19"
"tt0097074","2.011","7.1","19"
"tt0098260","2.661","5.9","32"
"tt0266747","3.201","3.3","28"
"tt0037536","3.602","7.3","55"
"tt0103872","2.918","6.4","28"
"tt1337051","1.692","6.5","23"
"tt0264578","1.411","6.9","16"
"tt0814255","23.587","6.1","3882"
"tt1308138","6.599","7.1","69"
"tt0415481","4.907","6.2","37"
"tt0066549","3.005","7.4","54"
"tt1153040","4.606","6.3","79"
"tt0079576","3.69","4.9","37"
"tt1242422","6.394","7.4","509"
"tt1286821","1.227","7.1","31"
"tt0291350","7.646","7.9","228"
"tt0424287","0.839","5.7","14"
"tt0059573","1.93","8","31"
"tt0465967","2.6","6.4","27"
"tt0113326","9.29","6.6","379"
"tt0039416","5.004","7.3","74"
"tt0085868","3.335","5.1","39"
"tt0022958","7.853","6.9","110"
"tt0402906","0.869","7.1","16"
"tt0106684","2.25","4.1","22"
"tt1054580","8.481","7.4","141"
"tt0100666","1.794","4.7","34"
"tt1144551","1.96","6.6","15"
"tt1578116","1.811","6.1","24"
"tt0119709","5.239","5.7","45"
"tt0120390","7.405","5.1","91"
"tt0102395","5.123","4.5","44"
"tt0429493","10.476","6.3","2550"
"tt0273799","3.822","5.3","64"
"tt1305583","4.089","5.5","57"
"tt0094846","3.598","4.5","21"
"tt1191111","8.855","7.3","702"
"tt0109578","5.233","4.9","81"
"tt1212436","8.361","5.9","746"
"tt1424381","16.555","6","1856"
"tt0847880","2.25","7","50"
"tt1119199","2.028","7.2","31"
"tt0045546","4.785","6.7","61"
"tt0266391","4.075","5.9","42"
"tt0081031","4.573","5.7","23"
"tt0127296","2.635","5.6","19"
"tt0492389","8.168","4.6","263"
"tt1251725","2.741","6.4","30"
"tt1179025","9.296","6","600"
"tt0107819","1.895","5.1","26"
"tt0108395","5.064","4.7","62"
"tt0070634","4.12","5.3","41"
"tt1220634","0.6","5.9","1992"
"tt0100680","3.798","6.5","49"
"tt0123948","4.649","7.3","97"
"tt0116322","4.807","5.4","134"
"tt0381061","22.275","7.4","5654"
"tt0085384","4.426","3.7","57"
"tt0143145","15.328","6.2","1357"
"tt0359013","15.477","5.8","1940"
"tt0290334","1.037","6.9","5704"
"tt0376994","0.866","6.4","5484"
"tt0246460","15.666","5.9","1738"
"tt0073629","8.874","7.5","1286"
"tt1272051","3.363","5.5","15"
"tt0117364","5.903","6.1","81"
"tt0081633","8.1","6.7","389"
"tt0086370","1.4","4.5","16"
"tt0115676","3.424","4","31"
"tt0892375","1.012","7","13"
"tt0106856","9.078","7.3","1420"
"tt0120855","13.05","7.4","3304"
"tt0120382","15.806","8","8610"
"tt1341167","6.679","7","589"
"tt0104139","3.434","5.4","50"
"tt0165494","1.844","3.7","18"
"tt0139362","4.707","6.5","52"
"tt1243957","10.815","6.1","2927"
"tt1103153","8.378","5.8","1234"
"tt1620549","2.791","5.4","18"
"tt0495596","8.351","6.6","465"
"tt1609168","1.629","7.6","21"
"tt1438254","8.159","6.9","1258"
"tt1407061","6.282","6.2","195"
"tt0120107","3.523","4.5","22"
"tt0879870","6.678","6","1121"
"tt1222817","10.138","5.3","820"
"tt0822847","11.002","5.5","1074"
"tt1239426","3.579","6.5","35"
"tt1399103","3.699","6.1","4682"
"tt0977855","9.485","6.6","369"
"tt1055292","11.565","6.8","1612"
"tt0088007","3.004","6.3","45"
"tt1155076","10.224","6.3","2901"
"tt1392197","7.652","5","328"
"tt0095774","1.684","6","21"
"tt1229822","8.368","7.1","712"
"tt1139282","5.051","6.2","41"
"tt1193460","2.705","7.4","28"
"tt0088402","1.965","6.3","19"
"tt0076740","6.934","7.4","157"
"tt0097987","2.613","5","29"
"tt1468843","6.834","6.9","76"
"tt0063592","2.336","5.2","17"
"tt0087344","3.947","6.3","49"
"tt0120471","5.312","6.4","205"
"tt1092026","10.081","6.5","2838"
"tt0842926","9.824","6.6","805"
"tt0808526","4.451","6.4","44"
"tt1185344","3.974","4.9","21"
"tt0247745","8.925","6.7","548"
"tt0120836","2.784","4.8","34"
"tt0110889","4.234","6.5","43"
"tt0108577","2.235","5","23"
"tt1666186","8.163","4.2","603"
"tt0049875","3.543","6.4","34"
"tt1194664","3.296","7.5","46"
"tt1405810","12.517","7.4","272"
"tt0990407","8.658","5.5","1774"
"tt0095927","4.011","5.3","58"
"tt0083542","4.259","5.9","44"
"tt0066115","2.959","4.7","13"
"tt0103251","6.571","6.4","56"
"tt0775489","6.713","7.4","259"
"tt0082948","10.28","6","31"
"tt0099578","1.866","5.5","21"
"tt1228987","8.79","6.7","1003"
"tt1477076","21.186","6","1370"
"tt1403988","5.183","4.8","135"
"tt1411238","11.761","6.2","2361"
"tt0103962","1.438","4.5","16"
"tt1231583","11.667","6.3","2784"
"tt0102749","2.896","5.7","23"
"tt0066090","2.325","6","27"
"tt1379222","4.015","6.2","41"
"tt0065054","3.072","6.7","23"
"tt1564585","8.05","4.8","788"
"tt1341188","8.209","5.1","401"
"tt1321865","3.653","7","77"
"tt1458175","10.947","7","1367"
"tt0101798","1.769","7.5","17"
"tt0322023","3.259","7.1","18"
"tt0027438","3.073","6.7","21"
"tt1270835","6.662","5.5","151"
"tt0804497","8.203","7","1215"
"tt0872230","6.541","5.4","231"
"tt1013860","10.156","4.4","224"
"tt1619037","1.349","5.3","14"
"tt1278379","3.654","6.1","56"
"tt0117214","2.553","7.8","38"
"tt1431181","9.094","7.1","141"
"tt1423995","4.846","5.2","316"
"tt1235189","6.778","6.4","341"
"tt0947798","14.621","7.5","7809"
"tt0841119","1.733","8","17"
"tt0091024","2.819","6.1","25"
"tt1323045","7.784","5.8","923"
"tt1578275","6.221","5.3","427"
"tt1455811","2.353","4.9","21"
"tt1499201","3.852","5.9","43"
"tt0466893","6.284","6.1","127"
"tt1462900","8.659","6.4","367"
"tt1514041","6.281","5.9","89"
"tt1217613","9.573","5.6","1959"
"tt1529572","8.042","6.6","528"
"tt1833673","4.587","5.9","127"
"tt0798817","8.939","5.7","367"
"tt1301990","4.655","5.4","43"
"tt1440161","6.301","6.3","317"
"tt1555064","7.044","6.2","122"
"tt0964517","12.013","7.3","2194"
"tt0105287","3.656","5.8","17"
"tt1366409","3.06","6","24"
"tt0945513","15.958","7.2","4185"
"tt0377981","17.236","5.8","995"
"tt1164999","7.043","7.2","503"
"tt1740707","7.571","6.7","778"
"tt1032751","9.5","6.2","188"
"tt1268204","2.389","7.7","50"
"tt0123324","1.4","6.7","17"
"tt0108187","6.812","4","82"
"tt0120722","1.536","5.9","16"
"tt0098308","3.631","4.9","48"
"tt1361313","4.315","5.9","44"
"tt0118172","3.454","5","25"
"tt0160429","1.94","5.5","39"
"tt1502404","12.572","5.3","909"
"tt0100691","1.663","6","14"
"tt1570989","5.172","5.8","78"
"tt0102687","2.019","6","23"
"tt0102849","3.161","5.1","28"
"tt0094594","2.664","5.5","26"
"tt0103976","4.108","6.6","58"
"tt0095302","2.801","7.6","26"
"tt0081063","2.454","6.1","16"
"tt0120765","5.625","5.2","49"
"tt0108000","3.004","6.2","10"
"tt0090203","1.515","7.4","16"
"tt0114663","2.812","6.2","32"
"tt0102818","1.994","5.7","16"
"tt0088256","3.207","5.3","23"
"tt1123373","9.781","6.7","164"
"tt0113965","4.748","5.2","63"
"tt1216475","14.603","5.9","3727"
"tt0829150","19.113","6.2","3552"
"tt1345836","23.035","7.7","13165"
"tt1454468","15.228","7.2","8979"
"tt0460505","1.719","6.6","19"
"tt0081439","1.574","5.9","15"
"tt0116404","4.234","7.1","17"
"tt1034389","8","6.1","654"
"tt1488555","12.718","6","1271"
"tt0770828","21.709","6.5","9263"
"tt1568338","9.292","6.3","1385"
"tt0401729","12.593","6.1","3132"
"tt0183503","1.4","5.9","14"
"tt1486185","9.435","5.9","1736"
"tt0039739","2.41","7.6","33"
"tt0409847","12.168","5.5","2935"
"tt1680059","2.363","7.1","26"
"tt2608732","5.14","7.3","162"
"tt0118623","3.241","6.4","48"
"tt0810922","9.124","6.1","311"
"tt1321860","5.905","6.4","441"
"tt0111579","3.131","7.2","58"
"tt1600524","6.821","7.3","439"
"tt0095853","2.87","6.2","19"
"tt1437366","2.005","6","18"
"tt0099606","1.849","5.3","11"
"tt0101373","1.791","6.1","17"
"tt1604171","7.953","5.9","252"
"tt1563738","22.762","7.2","1937"
"tt1687281","6.952","6.3","63"
"tt1464580","5.644","6.2","400"
"tt1477837","6.404","6","191"
"tt1509767","8.636","5.7","1485"
"tt1032825","7.262","6.2","208"
"tt0087233","4.991","6.8","116"
"tt1796657","2.816","5.7","25"
"tt0756727","2.244","7.6","14"
"tt0119512","1.481","7.1","16"
"tt1220888","5.008","5.8","157"
"tt1253863","17.096","6","3638"
"tt0101595","3.796","6","23"
"tt1598828","7.364","5.5","578"
"tt0120254","8.466","5.9","155"
"tt0997246","2.344","6.9","23"
"tt0206367","2.899","5.1","24"
"tt1470024","3.161","6.8","18"
"tt1341341","2.743","5.3","30"
"tt1532503","7.863","6.9","502"
"tt0107594","1.98","5.8","24"
"tt1554091","5.569","7.1","91"
"tt1606392","7.74","6.8","250"
"tt1340773","4.655","4.9","71"
"tt0415678","2.197","5.4","22"
"tt0473102","4.393","6.4","43"
"tt0480239","5.753","5.2","85"
"tt1277936","3.88","6","86"
"tt1572491","6.05","6.7","171"
"tt1291549","1.709","5.5","17"
"tt0374271","2.026","6.1","30"
"tt1170358","18.718","7.6","7234"
"tt1646987","11.888","5.6","2294"
"tt1129437","1.797","5.9","22"
"tt1223236","6.501","7.1","99"
"tt1599975","6.765","6.4","102"
"tt1270842","4.939","6.6","85"
"tt1438176","5.931","6","970"
"tt1487118","6.582","6.3","348"
"tt1374989","13.377","5.7","1111"
"tt1743720","5.982","6.4","120"
"tt1424432","6.308","8.3","397"
"tt1680058","5.319","7","194"
"tt0120531","1.582","4.2","16"
"tt1242599","4.932","6.2","78"
"tt1436045","7.588","7.3","492"
"tt1541995","3.342","5.9","37"
"tt0471042","10.36","5.9","1497"
"tt0289408","6.64","6","85"
"tt1605783","13.22","7.5","3650"
"tt1291584","12.723","7.8","2048"
"tt1650554","12.301","6.4","3532"
"tt1067774","9.722","6.2","1082"
"tt1583420","7.029","5.8","633"
"tt1599348","15.26","6.4","1889"
"tt1507563","6.576","5","99"
"tt1600195","11.045","5.7","1675"
"tt1276104","15.074","6.8","6418"
"tt0884726","4.664","5.8","61"
"tt1547230","0.91","4.9","24"
"tt0035884","2.937","7","37"
"tt1428538","13.287","5.9","4353"
"tt1650043","6.611","6.4","455"
"tt0968264","8.444","6.5","216"
"tt1234719","9.078","5.4","818"
"tt0099460","2.442","6.2","15"
"tt0905372","9.878","6.1","1323"
"tt0093596","2.355","5.3","32"
"tt0103747","3.239","5.6","63"
"tt1720254","1.857","5.3","28"
"tt1521197","8.128","6.4","418"
"tt1142977","9.009","6.8","1575"
"tt0396818","1.592","6.5","21"
"tt1667353","17.323","5.8","1937"
"tt1657507","10.54","6.5","1267"
"tt1564349","8.721","6.8","293"
"tt1787777","2.195","6.9","29"
"tt1667903","2.78","6.2","73"
"tt1441956","2.517","6.5","22"
"tt1645080","7.356","6.5","707"
"tt1764234","9.628","6","1054"
"tt0780504","10.463","7.5","6288"
"tt1675192","7.621","7.2","745"
"tt1633356","8.773","4.9","228"
"tt0106877","2.488","5.6","30"
"tt0093225","3.507","6.8","13"
"tt1582271","7.51","5.5","86"
"tt0477323","2.831","5.8","15"
"tt1753549","2.663","7.3","22"
"tt0092656","2.432","5.6","17"
"tt1922612","5.724","7.2","132"
"tt1560747","11.367","7.1","1214"
"tt1535108","12.733","6.4","5120"
"tt1024648","13.22","7.2","4868"
"tt1121096","20.619","5.3","1462"
"tt1491044","9.697","6.4","526"
"tt1462041","9.533","6","627"
"tt1486192","10.784","6.3","654"
"tt1748197","7.361","4.9","214"
"tt1948150","3.325","7.1","62"
"tt1742650","6.848","5.2","219"
"tt1446714","17.895","6.4","7040"
"tt1661420","7.398","7.8","605"
"tt1071875","14.64","4.7","1893"
"tt1855325","1.171","5.7","2204"
"tt1007029","8.893","6.4","855"
"tt1462769","6.321","6.7","575"
"tt1637725","12.432","6.3","7267"
"tt1430626","11.214","6.4","538"
"tt1630036","5.139","7","116"
"tt0076299","3.121","6.9","56"
"tt1656190","12.616","6.3","1158"
"tt1389127","6.114","5.8","216"
"tt1606389","33.271","7.1","2241"
"tt1778304","8.956","5.9","1130"
"tt1850397","13.277","6.4","714"
"tt1726669","11.496","6.5","664"
"tt0017423","3.338","7.5","14"
"tt1729637","4.316","5.3","59"
"tt1456635","7.414","6.5","465"
"tt1389137","8.241","6.7","1401"
"tt1656192","8.277","6.6","203"
"tt1788391","8.311","6.1","320"
"tt1827487","6.077","7.5","169"
"tt1214962","11.956","5.9","494"
"tt1601913","9.596","6.5","2155"
"tt1787660","5.008","7.4","84"
"tt1748179","9.646","6.1","584"
"tt1670345","20.625","7.4","9266"
"tt1591479","6.558","6.3","559"
"tt0790724","14.745","6.4","3967"
"tt1435513","6.142","6.7","420"
"tt1655420","10.514","6.7","688"
"tt1430132","2.897","6.3","5829"
"tt1854564","14.04","5.9","2883"
"tt1392190","24.647","7.4","13685"
"tt0383010","6.581","5.2","201"
"tt1645170","8.727","6","2797"
"tt1586265","9.507","5.9","1052"
"tt1204340","6.498","7.4","195"
"tt2016940","6.194","5.9","405"
"tt1921064","10.015","5.4","1953"
"tt1410063","6.862","7.4","319"
"tt1855199","10.201","7.3","1673"
"tt1701210","5.889","6.4","128"
"tt1687277","2.04","5","15"
"tt0431021","9.438","5.9","846"
"tt2076251","4.47","6.1","251"
"tt1366365","6.185","5","439"
"tt1687901","8.62","6.4","747"
"tt1913166","5.024","4.9","170"
"tt0455323","7.542","6.2","117"
"tt1430615","7.096","6.6","235"
"tt1683921","5.121","6.1","63"
"tt2025526","5.156","6.9","96"
"tt1649419","10.935","7.2","3350"
"tt2112999","6.021","8","115"
"tt2012665","2.192","5","34"
"tt1351685","11.075","5.6","3266"
"tt1422136","7.355","6.2","233"
"tt1592525","11.421","5.8","963"
"tt1859650","9.816","5.6","1003"
"tt0244504","0.935","7.1","17"
"tt1588334","9.009","6.1","301"
"tt1870529","3.146","6.2","61"
"tt2023453","7.557","6.2","408"
"tt1588173","10.442","6.3","3894"
"tt1321870","12.103","6.3","2419"
"tt1772341","28.322","7.3","7188"
"tt1707386","11.748","7.3","3050"
"tt1815862","10.62","5.1","3883"
"tt2109184","6.424","5.3","955"
"tt1371111","13.119","6.8","4295"
"tt1853739","8.92","6.6","1185"
"tt1845773","4.547","7.2","47"
"tt1920849","8.766","5.4","717"
"tt2125435","9.384","6.9","580"
"tt1971352","5.842","6.4","325"
"tt2063781","6.503","6.5","128"
"tt2062996","2.489","6.7","34"
"tt2105044","6.947","5.8","577"
"tt1742336","9.071","6.6","185"
"tt1065073","9.349","7.5","2910"
"tt1640711","6.33","5.9","226"
"tt1922561","3.172","7","33"
"tt1440732","5.887","5.1","285"
"tt1959490","11.608","5.6","3733"
"tt1126590","8.871","7","1998"
"tt1477855","5.934","5.3","109"
"tt1047540","6.22","5.8","264"
"tt2178941","5.438","7.2","101"
"tt1651118","1.084","6.6","15"
"tt1542482","2.145","7.2","26"
"tt2008006","3.166","7.2","54"
"tt1991245","8.295","5","793"
"tt1810697","7.127","5.1","86"
"tt1792647","4.353","6.7","76"
"tt0106438","2.958","7.3","26"
"tt1945062","8.264","4.5","131"
"tt1473832","10.831","6.4","1688"
"tt1781769","13.446","6.6","1159"
"tt1234721","13.194","5.8","3221"
"tt2053425","9.537","7.2","711"
"tt1817273","11.668","6.9","2599"
"tt1667310","9.015","5.8","336"
"tt1790885","13.325","6.9","2417"
"tt1235522","9.693","5.9","783"
"tt1649780","6.119","6","87"
"tt1716777","7.592","6.8","340"
"tt2395427","36.059","7.3","12057"
"tt1843866","14.524","7.6","9894"
"tt1372686","10.338","6","202"
"tt2215719","6.475","6.8","131"
"tt2321517","1.953","5.1","14"
"tt2077833","1.982","5.9","39"
"tt1587310","19.769","7.1","7651"
"tt2076220","5.408","7","392"
"tt2345561","2.142","6.2","18"
"tt1894561","3.01","5.3","29"
"tt1979388","13.688","6.7","2888"
"tt1954352","3.063","6.4","20"
"tt0993846","24.4","7.9","11404"
"tt1711425","5.888","5.7","978"
"tt1213663","13.499","6.7","2765"
"tt2193215","10.276","5.1","1021"
"tt1535109","11.966","7.6","3678"
"tt1288558","11.552","6.4","2530"
"tt1951261","15.512","6.1","4779"
"tt2292959",NULL,NULL,NULL
"tt1815852","3.567","6.5","53"
"tt1650048","6.398","7.8","329"
"tt1706620","13.883","6.8","4458"
"tt2018086","0.6","6.3","31"
"tt2103267","7.398","6","527"
"tt1700845","6.02","6","108"
"tt2404311","9.498","6.2","1558"
"tt0975645","8.661","6.5","779"
"tt1702439","9.436","7.1","1340"
"tt1866249","6.341","6.9","284"
"tt1981677","14.03","7.3","3906"
"tt2304517","1.951","3.7","23"
"tt0131461","1.44","5.9","17"
"tt0076001","1.731","7.2","17"
"tt0848537","12.898","6.4","1582"
"tt2234155","0.6","6.2","2474"
"tt0359950","9.878","7.1","4617"
"tt2334879","11.211","6.4","2667"
"tt2302755","13.573","6.2","3923"
"tt2199711","2.568","6","37"
"tt2168910","3.499","6.3","58"
"tt1904996","7.941","5.8","1789"
"tt2032557","6.482","6.7","115"
"tt1764625","8.569","5.8","242"
"tt1964624","6.029","7.4","394"
"tt2347569","7.53","7.3","584"
"tt2194499","14.071","7.9","3578"
"tt1780762","6.231","5.2","160"
"tt1713476","5.497","5.5","330"
"tt1763264","6.189","5.7","236"
"tt2299842","3.961","7.1","131"
"tt1538403","9.377","6.3","2703"
"tt1854236","8.109","5.9","143"
"tt1047011","4.464","6.7","80"
"tt1656186","12.423","5.3","527"
"tt1979319","7.978","7.4","238"
"tt2112210","4.527","5.9","78"
"tt2258858","5.15","7.2","193"
"tt1758795","8.015","5.5","495"
"tt2106741","3.256","6.4","27"
"tt1967545","9.679","6.9","498"
"tt1954701","5.33","7.1","170"
"tt1951266","18.742","6.8","7087"
"tt0151150","2.531","5.8","25"
"tt2023587","7.748","6.1","2280"
"tt2209418","6.915","7.4","955"
"tt2091473","6.614","6.2","359"
"tt2371486","2.715","6.8","66"
"tt1980209","10.154","6.1","2348"
"tt2150332","2.98","6.2","55"
"tt1893256","10.307","6","797"
"tt1679335","11.33","6.7","1758"
"tt1205537","12.794","6","1612"
"tt2024519","6.762","7.8","550"
"tt2064713","3.28","7.2","44"
"tt2333784","11.774","6.1","2698"
"tt1885300","5.031","6.3","76"
"tt1457767","15.83","7.5","5435"
"tt2113822","1.746","6","17"
"tt1742334","9.093","5.5","749"
"tt1814621","6.776","5.5","369"
"tt2084989","5.409","6.5","405"
"tt1825157","8.231","6.6","510"
"tt1884457","5.674","5.2","51"
"tt2166214","1.481","4.7","16"
"tt2550838","4.996","5.8","264"
"tt1305797","4.862","6.4","79"
"tt2576852","8.189","8.2","619"
"tt2549540","4.298","5.7","60"
"tt1924396","9.895","7.8","1322"
"tt2388637","6.747","6.2","206"
"tt1821641","6.039","6.6","255"
"tt2520516","2.939","5.6","63"
"tt2364949","4.593","4.9","51"
"tt2311182","3.262","5.5","32"
"tt0455944","27.914","7.2","4638"
"tt1609479","5.795","5.9","134"
"tt2388715","8.815","6.4","1652"
"tt2217859","6.931","6.6","145"
"tt3729920","8.464","6.2","162"
"tt2333804","6.935","6","591"
"tt2345737","7.723","6.2","411"
"tt1964418","17.24","6.2","4399"
"tt1999987","7.206","6","170"
"tt2224004","5.46","6.1","94"
"tt2450186","7.289","6.1","425"
"tt2309021","6.573","5.7","287"
"tt1824254","3.383","6.6","77"
"tt2652756","2.155","5.7","19"
"tt2510894","13.555","6.7","2925"
"tt2456720","5.797","5.1","130"
"tt1837703","8.39","5.9","513"
"tt1206543","8.781","6.6","1025"
"tt1502712","13.707","4.4","3604"
"tt1937269","3.439","6.6","69"
"tt2366608","5.524","5.8","338"
"tt0775440","8.365","4.4","565"
"tt2820852","23.527","7.3","6178"
"tt1800241","14.953","6.8","4222"
"tt0383222","11.703","3.8","197"
"tt2370248","8.562","7.8","661"
"tt2101473","7.268","7.3","546"
"tt1605717","8.221","6.9","944"
"tt2357291","14.497","6.3","1655"
"tt1487931","5.856","5.6","118"
"tt2265398","7.198","6","504"
"tt1817081","8.495","5.5","160"
"tt2483260","11.516","6.6","467"
"tt1621039","7.961","5.8","378"
"tt2051894","4.267","6.3","32"
"tt2771372","7.768","6.6","665"
"tt0469021","5.762","6.6","240"
"tt2331143","6.327","7.5","213"
"tt2767948","7.676","6.1","332"
"tt2375574","5.796","6.5","108"
"tt1014763","17.094","6.2","856"
"tt2609912","5.099","6.9","128"
"tt2495118","0.997","6.2","183"
"tt2402101","8.124","5.9","726"
"tt1649443","7.474","5.3","430"
"tt2852470","1.198","7.8","31"
"tt2294449","12.835","6.9","4869"
"tt2463288","9.384","5.8","815"
"tt2359810","3.838","6.8","54"
"tt2350496","6.532","7.3","334"
"tt2401715","3.65","5.9","57"
"tt2402085","6.169","5.5","93"
"tt2402105","7.319","5.9","290"
"tt2316868","3.558","6.7","20"
"tt2343793","8.056","5.9","319"
"tt2193418","6.143","4.5","112"
"tt2668134","9.393","6.5","566"
"tt2203939","8.841","6.3","2139"
"tt2926810","6.584","5.2","142"
"tt1091191","13.329","7.4","2173"
"tt2126235","7.501","5.7","310"
"tt2316801","10.522","5.9","1177"
"tt1823672","21.985","6.7","4731"
"tt2800038","3.087","3.6","28"
"tt2167266","0.6","7","262"
"tt0816442","11.063","7.5","2595"
"tt2112124","6.217","6.3","138"
"tt1872194","12.228","7.3","2193"
"tt1995390","5.366","6","263"
"tt2404181","6.955","7.2","390"
"tt1390411","12.059","6.6","2022"
"tt2356180","4.708","7.5","100"
"tt2379713","24.185","6.4","6409"
"tt3062096","13.208","5.9","3627"
"tt3043630","2.286","4.3","23"
"tt1663207","9.473","5.6","195"
"tt2718492","6.919","7.3","420"
"tt2392326","4.53","6.4","69"
"tt2170299","8.062","6.4","432"
"tt2692904","9.641","6.9","1290"
"tt2267998","39.667","7.9","9623"
"tt2771800","4.368","6.1","73"
"tt2383068","6.98","5.7","195"
"tt1486834","9.716","6.7","1095"
"tt2258345","5.899","5.8","329"
"tt1839642","4.862","6.2","67"
"tt2637276","23.122","6.1","3969"
"tt2942522","3.943","6.6","85"
"tt2855648","2.87","7.2","47"
"tt2106361","11.268","5.9","1124"
"tt2604346","2.816","5.8","32"
"tt2992146","11.374","6.1","108"
"tt2980706","8.142","6","398"
"tt2866360","8.575","7.3","1144"
"tt2476154","1.593","4.6","14"
"tt2737050","8.579","6.9","474"
"tt3013258","2.828","6.7","54"
"tt1826590","7.952","6","293"
"tt2582846","17.383","7.6","6755"
"tt1243974","9.628","5.3","1122"
"tt3104818","4.461","7.5","52"
"tt1809398","9.042","7.4","2112"
"tt2473682","9.029","5.3","702"
"tt2436386","9.149","6.5","1373"
"tt2262227","8.828","7.4","1156"
"tt2788710","17.315","6.2","3376"
"tt2870756","5.614","6.5","1189"
"tt2088003","8.424","5.4","620"
"tt2870708","9.022","6.5","421"
"tt1086772","12.813","6.7","1606"
"tt2247476","8.179","6.6","176"
"tt1929263","8.26","6.3","337"
"tt2975578","21.678","6.6","3510"
"tt3079380","13.959","6.8","3720"
"tt2465140","3.41","5.8","67"
"tt2170593","12.103","7.1","1031"
"tt2473602","6.785","6.7","242"
"tt1371150","8.921","6.6","671"
"tt3181822","8.41","4.4","1328"
"tt3319920","6.737","5.5","998"
"tt3216348","7.505","5.2","297"
"tt2199571","15.852","6.4","1599"
"tt2832470","6.813","6.6","288"
"tt2212008","5.498","5.2","174"
"tt3139086","9.105","7.3","491"
"tt3179568","8.439","6.6","494"
"tt2637294","10.4","5","482"
"tt2918436","6.971","5.1","776"
"tt2465578","5.982","7.5","425"
"tt2639344","8.691","6.4","147"
"tt2582802","26.082","8.4","7314"
"tt3077214","8.885","7.3","888"
"tt2273657","7.714","6.2","803"
"tt2707858","6.98","6.6","435"
"tt2611390","2.413","5.9","33"
"tt1767372","9.563","5.8","343"
"tt1216491","8.635","6.6","482"
"tt1707380","6.07","5.5","118"
"tt2452254","6.922","6.7","408"
"tt1355630","9.856","7.4","2524"
"tt3322940","13.186","5.6","3067"
"tt3268458","5.324","8","228"
"tt2935476","7.991","6.9","550"
"tt2614684","6.415","6.8","596"
"tt0884732","12.124","6.5","906"
"tt2465146","6.234","5.9","250"
"tt3060492","5.336","6.8","81"
"tt2719848","11.674","6.7","2725"
"tt2126355","21.594","6.1","4833"
"tt3177316","6.062","5.4","363"
"tt3464902","15.864","6.9","2557"
"tt1626146","6.363","6.9","443"
"tt2784512","7.877","4.8","313"
"tt2402157","19.22","6.1","824"
"tt3007512","5.856","6.8","653"
"tt3450650","13.91","5","843"
"tt2058673","9.616","5.6","1200"
"tt3477064","1.947","5.2","35"
"tt2120120","20.219","5.6","4171"
"tt2402927","12.716","7.4","1786"
"tt2974918","11.923","5.8","793"
"tt3065204","14.944","7.2","3764"
"tt1292566","10.036","6","1859"
"tt2624412","4.724","5.9","133"
"tt3606752","16.505","6.7","2354"
"tt2637378","1.882","6.1","21"
"tt2872750","9.563","6.9","666"
"tt3315342","30.304","7.8","11528"
"tt3605418","9.187","5","1387"
"tt0470752","22.239","7.6","7551"
"tt3331846","6.282","7.1","146"
"tt2720680","10.551","6.4","409"
"tt3332064","10.887","5.9","1601"
"tt2980516","16.001","7.9","5974"
"tt3300542","12.246","5.9","2457"
"tt2844798","4.955","6.8","141"
"tt2967224","7.745","5.6","941"
"tt2948356","31.637","7.7","9349"
"tt1131724","8.334","5.8","755"
"tt1911658","15.335","6.4","2131"
"tt2517044","1.669","5.8","44"
"tt3142232","1.17","5.7","22"
"tt0903657","7.513","7.2","344"
"tt3152624","15.814","5.8","1656"
"tt2414040","4.567","3.1","60"
"tt2638144","9.463","5.5","1019"
"tt1666801","11.52","6.8","2751"
"tt3460252","15.816","7.7","7425"
"tt3397884","17.976","7.3","4190"
"tt3018070","3.336","6.2","66"
"tt2446980","11.449","6.5","2549"
"tt1618442","14.552","5.8","2057"
"tt2725962","8.531","6.8","261"
"tt3713166","7.937","5.4","1878"
"tt3416828","16.145","5.8","2225"
"tt3553442","6.886","6.2","570"
"tt3450958","29.36","7","4931"
"tt1663202","20.361","7.4","10268"
"tt2345759","19.366","5.5","4116"
"tt2799166","9.357","4.8","486"
"tt2752772","7.681","5.8","1054"
"tt1365050","6.692","7.6","824"
"tt3344694","6.799","7.3","115"
"tt3896198","39.214","7.7","11217"
"tt3505712","3.909","5.8","67"
"tt2784678","6.721","6.3","270"
"tt3835080","8.029","5.3","343"
"tt1441953","7.708","7.4","445"
"tt2049586","2.245","7.8","23"
"tt3659388","31.476","7.7","11413"
"tt2933544","6.121","5.9","138"
"tt3825638","5.807","7.2","328"
"tt3850590",NULL,NULL,NULL
"tt3165612","8.602","6.3","493"
"tt1730768","13.474","7.4","642"
"tt4016934","13.043","8.3","1077"
"tt3799694","10.794","7.1","3924"
"tt2952602","6.309","6.5","166"
"tt2097331","5.385","5.8","159"
"tt2401878","8.82","7","854"
"tt3321300","7.177","5.9","299"
"tt4008652","2.284","7","38"
"tt2006295","10.508","6.2","543"
"tt1431045","31.708","7.5","18931"
"tt1655441","14.471","7.4","3617"
"tt3824412","5.315","5.1","90"
"tt4046784","18.527","6.6","5987"
"tt3950078","3.141","6.5","58"
"tt3874544","6.565","6.3","4092"
"tt2937696","6.891","6.4","642"
"tt2503944","12.615","6.4","1688"
"tt3682448","14.688","7.2","4050"
"tt3068194","8.68","6.2","273"
"tt1860357","13.008","6.7","2441"
"tt0451279","40.447","7.3","11614"
"tt1490785","4.661","6","84"
"tt3567288","8.353","6.2","2457"
"tt2910904","8.266","7","845"
"tt3135556","1.457","5.4","22"
"tt4276752","8.003","5.9","90"
"tt1837562","9.019","6.5","155"
"tt4172430","10.361","7","1471"
"tt2025690","8.336","6.4","888"
"tt3859076","7.341","6.6","250"
"tt2093991","6.807","5.8","225"
"tt3174376","9.342","6.4","870"
"tt3774114","18.754","7.1","2252"
"tt3704050","6.976","7.5","285"
"tt3760922","6.475","5.7","555"
"tt2241351","7.501","6.4","1745"
"tt3862750","4.962","5.6","203"
"tt3717490","20.117","6.2","2505"
"tt1658801","6.146","7.3","338"
"tt2415458","5.87","6.9","175"
"tt3844362","6.011","6","193"
"tt2005151","13.81","6.8","2223"
"tt3859304","5.617","5.8","174"
"tt3949660","10.914","5.9","1727"
"tt3850214","9.397","7.2","919"
"tt2872462","6.735","6.5","293"
"tt3312830","8.131","6.8","1035"
"tt2034800","19.104","5.8","2578"
"tt3471098","12.01","5.8","206"
"tt3317522","4.221","5.7","158"
"tt1212428","13.114","6.2","1292"
"tt4082068","6.338","6.9","218"
"tt4262980","8.947","6.6","311"
"tt4136084","8.513","6.7","794"
"tt1290138","4.923","5.5","81"
"tt2823054","12.344","6","1457"
"tt1124037","8.228","6.6","719"
"tt2979920","1.537","5.3","24"
"tt2545428","5.972","7.5","100"
"tt1596363","16.745","7.3","4258"
"tt4176826","9.051","6.8","938"
"tt1708135","6.287","6.9","127"
"tt1083452","9.288","7.2","1114"
"tt4374460","2.884","7.8","43"
"tt4375438","5.011","6.8","110"
"tt4285198","1.783","7.1","17"
"tt2771200","27.941","6.9","10470"
"tt2869728","10.7","6.2","874"
"tt4425200","22.073","6.9","5117"
"tt2056771","7.524","6.2","339"
"tt4382872","7.174","4.5","162"
"tt2133196","4.767","6.6","99"
"tt3531824","12.54","7.1","4298"
"tt4178092","10.834","6.7","1673"
"tt4271820","1.43","6.5","16"
"tt3702996","5.164","6.5","511"
"tt4428814","4.5","6.5","164"
"tt3791302","5.568","7.4","263"
"tt3774466","5.458","6.1","288"
"tt4429128","1.311","8","13"
"tt2062700","7.613","5.3","437"
"tt3268668","5.3","5.6","124"
"tt2387499","12.704","6","1084"
"tt4019560","11.922","4.6","233"
"tt4624424","12.624","6.6","1234"
"tt3767372","4.174","6.9","74"
"tt1620935","4.87","6.8","386"
"tt2057392","9.909","7.1","800"
"tt1179933","14.699","6.9","4359"
"tt3270538","5.424","7.8","89"
"tt2404435","18.411","6.1","3455"
"tt3781476","8.081","5.7","124"
"tt1800302","13.917","6.6","807"
"tt3540136","4.762","5.8","59"
"tt3231054","5.927","5.8","410"
"tt1389139","6.668","5.3","144"
"tt4361050","11.259","5.9","1310"
"tt3371366","28.409","6","3026"
"tt2141773","7.642","5.2","112"
"tt4501454","6.66","5.9","169"
"tt3666024","7.292","7.6","512"
"tt4437216","5.266","5.2","157"
"tt4629032","3.66","6.9","23"
"tt4273886","7.94","7.8","97"
"tt3065132","3.778","6.3","82"
"tt3890160","19.248","7.4","7325"
"tt2239822","25.076","6.6","3839"
"tt1661275","8.019","6.9","178"
"tt3721936","10.045","6.6","385"
"tt4550098","16.642","7.4","3897"
"tt4714782","9.835","5.8","547"
"tt4085944","5.116","5.3","203"
"tt4139124","7.557","5.9","609"
"tt4786282","13.709","6.3","2095"
"tt4682786","14.151","7.1","3037"
"tt2872518","12.631","7.1","752"
"tt4768764","6.038","7","74"
"tt1781058","5.294","5.8","189"
"tt4824308","5.173","5.9","171"
"tt3830162","5.181","6.8","96"
"tt4190530","8.592","7","463"
"tt4698584","5.707","6.2","125"
"tt4644382","4.249","7.3","72"
"tt3655414","7.161","6","179"
"tt4411504","5.638","6.5","183"
"tt4824302","6.367","5.9","718"
"tt0787524","13.218","7.2","626"
"tt1412528","6.518","6","556"
"tt4972062","4.854","6.4","225"
"tt4901756","1.712","5.5","25"
"tt5074352","9.851","8.1","316"
"tt1713440","5.903","6.6","119"
"tt5066556","2.944","7.3","32"
"tt2888046","10.613","6.7","633"
"tt4731008","8.07","5.5","126"
"tt4981636","7.227","7","173"
"tt4305148","5.508","5.9","87"
"tt4158876","5.331","6.6","84"
"tt4449576","4.396","8","163"
"tt2112096","6.003","5.4","136"
"tt2334871","8.294","5.3","467"
"tt5168192","8.163","7.7","564"
"tt4048272","5.88","7.1","452"
"tt5186714","5.975","7.3","344"
"tt4429194","5.267","5.4","90"
"tt3794028","6.134","6.6","154"
"tt4540710","11.586","7.4","846"
"tt5282006","2.813","6.5","39"
"tt1878870","10.695","7.2","1976"
"tt5487052","1.4","6.5","16"
"tt4975722","18.239","7.4","3567"
"tt5286444","5.602","7.6","102"
"tt4769824","7.19","8.1","154"
"tt4846340","19.779","8","4369"
"tt4972582","38.559","7.2","9418"
"tt1753383","14.594","7.2","1337"
"tt4853102","5.803","6.3","810"
"tt3451230","6.419","7.1","551"
"tt4651410","8.188","5.1","151"
"tt5646136","2.509","6.4","39"
"tt5091538","6.783","6.6","404"
"tt2321405","8.303","7.8","530"
"tt5662932","3.16","7.2","45"
"tt4643432","2.716","7.2","55"
"tt5592248","8.995","5.7","1077"
"tt4645330","8.071","6.7","318"
"tt3606888","8.724","7.5","467"
"tt4218696","7.289","6.1","368"
"tt5072406","3.588","6","44"
"tt4291600","7.278","6.6","249"
"tt5896962","1.613","5.9","18"
"tt6201292","1.414","6.6","20"
"tt5213534","4.284","7.6","105"
"tt5946128","4.258","6.9","96"
"tt6003368","6.668","5.6","176"
"tt3462710","7.316","5.5","284"
"tt4466894","6.65","5.7","131"
"tt5655222","5.264","6.2","73"
"tt5614612","5.382","6.3","90"
"tt4943322","10.088","6.1","111"
"tt5456104","2.936","6.5","50"
"tt6673840","8","7.3","125"
"tt6574272","6.621","5.6","125"
"tt0100403","14.777","6","1226"
"tt0103776","14.484","6.8","2942"
"tt0286499","8.471","6.2","1019"
"tt0110265","8.595","6.2","157"
"tt0312004","14.15","6.9","1151"
"tt0118799","14.672","8.4","6712"
"tt0417741","29.714","7.6","9712"
"tt0117665","12.814","7.5","1314"
"tt0108160","8.044","6.6","1026"
"tt0379217","6.862","7.1","379"
"tt0139809","9.257","7","577"
"tt0082340","13.261","7.1","1219"
"tt0343737","11.29","6.4","516"
"tt0254455","9.898","6.7","205"
"tt0307901","10.738","7.4","1085"
"tt0318761","7.06","6.3","103"
"tt0124315","6.95","7","495"
"tt0841044","5.307","6.4","172"
"tt0418279","5.692","6.7","6171"
"tt0443706","13.863","7.4","3841"
"tt0829459","6.853","6.6","164"
"tt0401383","8.025","7.6","499"
"tt0880502","5.967","7.2","115"
"tt0113448","3.209","6.6","20"
"tt0317648","12.641","6.5","502"
"tt0163651","18.398","6.4","3996"
"tt0120738","10.819","5.2","584"
"tt0795368","6.881","6.9","805"
"tt0117705","10.609","6.7","2518"
"tt0309698","10.385","7.1","1733"
"tt0403358","9.017","6.2","325"
"tt0040724","5.936","7.3","160"
"tt0040897","12.276","8.1","452"
"tt0368794","6.405","6.7","315"
"tt0094721","17.492","7.3","2729"
"tt0106387","9.095","7.1","368"
"tt0061955","4.49","7.2","76"
"tt0077413","8.546","7","228"
"tt0257106","12.203","5.6","2061"
"tt0431197","9.99","6.6","742"
"tt0427392","7.93","5.8","635"
"tt0279331","9.373","6.4","129"
"tt0057590","5.751","6.5","58"
"tt0070511","8.848","8","779"
"tt0081163","5.897","6.1","73"
"tt0488120","10.3","7.3","1573"
"tt0285531","9.207","5.3","853"
"tt0049833","9.886","7.6","538"
"tt0337741","9.404","6.5","683"
"tt0338526","12.962","6.1","2824"
"tt0467406","13.394","7","3851"
"tt0318649","9.871","5.8","668"
"tt0102945","8.222","6.4","409"
"tt0439289","8.41","5.8","123"
"tt0462200","10.256","6.8","375"
"tt0425413","7.935","6.2","342"
"tt0107977","9.612","6.5","927"
"tt0159273","9.489","6.1","668"
"tt0299930","8.233","3.6","177"
"tt1064932","7.467","6.7","1264"
"tt0869994","6.032","6.5","138"
"tt0430105","9.119","6.7","934"
"tt0399877","3.604","5.5","52"
"tt0266465","9.649","5.9","395"
"tt0081573","9.037","6.6","1024"
"tt0404032","11.904","6.4","1231"
"tt0082694","11.18","7.4","1567"
"tt0357507","5.712","4.8","317"
"tt0115963","8.863","6.4","632"
"tt0339230","5.018","6.4","85"
"tt0116830","10.267","6.2","380"
"tt0119099","10.394","6.7","554"
"tt0119468","11.277","6.3","571"
"tt0105323","11.115","7.6","1253"
"tt0094964","7.268","7.1","315"
"tt0116277","8.014","5.9","326"
"tt0094933","6.51","6.2","62"
"tt0117331","5.386","4.8","218"
"tt0093936","7.428","6.4","233"
"tt0151137","13.511","6.3","652"
"tt0120841","10.065","4.6","249"
"tt0377109","10.418","5.6","1142"
"tt0150377","9.069","6.3","468"
"tt0104114","8.871","5.8","114"
"tt0108265","7.254","6.8","97"
"tt0107501","7.407","6.4","220"
"tt0130623","12.321","6.4","1068"
"tt0091225","9.272","5.1","390"
"tt0065377","6.864","6.4","140"
"tt0206314","8.277","6.3","521"
"tt0199626","6.077","5.1","151"
"tt0058385","7.344","7.7","572"
"tt0095765","10.515","8.4","1591"
"tt0085809","6.149","8","245"
"tt0160009","8.422","5.7","215"
"tt0455957","5.914","6.7","197"
"tt0086617","6.48","6.9","139"
"tt0138524","8.048","5.8","649"
"tt0264935","7.021","6.1","469"
"tt0108358","10.195","7.5","879"
"tt0119282","11.769","7.5","3488"
"tt0245562","7.891","5.8","517"
"tt0106701","8.589","5.6","577"
"tt1046997","6.693","6.3","167"
"tt0351817","5.237","7.8","123"
"tt0088708","6.596","5.6","132"
"tt0412536","5.395","6.4","80"
"tt0119832","3","5.8","38"
"tt0156934","7.155","5.3","119"
"tt0446046","9.498","6.8","331"
"tt0104254","8.211","6.3","254"
"tt0790623","8.264","5.9","130"
"tt0490181","10.388","5.1","203"
"tt0473434","1.96","7.2","19"
"tt1101026","3.148","6.5","55"
"tt0115734","9.327","6.8","430"
"tt0940709","6.859","6.1","164"
"tt0299172","11.122","5.9","876"
"tt0283084","4.699","6.5","221"
"tt1013752","2.179","6.5","3617"
"tt0464041","7.567","6.1","175"
"tt0368222","5.244","6.1","59"
"tt0115697","9.842","6","157"
"tt0434215","6.462","6.5","114"
"tt0064418","5.963","7","95"
"tt0088707","2.967","6.2","46"
"tt0466399","2.334","6.9","24"
"tt0462244","6.132","4.4","189"
"tt0390384","8.809","6.9","1017"
"tt0102614","8.572","6.1","169"
"tt1278340","6.49","6.1","489"
"tt0368008","7.923","6.3","665"
"tt0093543","2.87","6.3","38"
"tt0091083","11.382","6.6","179"
"tt0097366","9.092","5.9","130"
"tt0301978","2.053","7.2","30"
"tt0105327","7.119","6.4","145"
"tt0360139","11.128","6.2","275"
"tt0283426","8.038","5.8","535"
"tt0091954","5.532","6.9","198"
"tt1121931","16.236","5.9","1331"
"tt0290212","4.431","4.8","38"
"tt0430779","6.393","5.6","87"
"tt1326972",NULL,NULL,NULL
"tt0101757","8.21","5.8","158"
"tt0924129","9.051","6.3","159"
"tt0433350","2.838","6.7","47"
"tt0113198","8.641","6.9","735"
"tt1087890","3.469","6.4","36"
"tt0432289","5.79","6.2","64"
"tt1063056","5.558","5.8","67"
"tt0795441","4.63","6.7","91"
"tt0858486","8.139","6.1","144"
"tt0093857","6.332","5.4","102"
"tt0357110","5.908","6.4","71"
"tt0086192","1.993","5.8","30"
"tt0983193","10.06","6.8","3064"
"tt0108656","3.992","6.9","59"
"tt0099697","8.611","4.9","86"
"tt0094746","6.284","6.4","101"
"tt0087903","4.556","4.8","27"
"tt0357111","5.884","6.2","520"
"tt0100631","1.884","4.9","17"
"tt0222850","2.786","6.6","37"
"tt1135084","7.592","6.2","564"
"tt0865559","6.836","5.8","197"
"tt1235124","5.612","5.9","1094"
"tt0881891","8.359","4.8","503"
"tt0093051","2.566","5.8","18"
"tt0077280","2.843","7.4","37"
"tt0082242","6.235","6.4","82"
"tt1135503","10.54","6.6","1034"
"tt0116905","8.16","7.1","126"
"tt0935075","10.858","6.8","279"
"tt1352824","7.662","5.9","876"
"tt0179098","6.616","6.3","93"
"tt0319736","1.408","7.2","23"
"tt0089572","3.35","6.5","31"
"tt1071812","3.487","7","42"
"tt1027718","10.156","6","747"
"tt0088323","13.902","7.1","1800"
"tt0119004","1.728","5.8","32"
"tt1379177","6.578","6.6","263"
"tt0271219","3.051","5.8","30"
"tt0049452","3.308","5.6","30"
"tt0093176","6.243","5.8","54"
"tt1196948","6.834","6.6","356"
"tt0098061","3.603","6.9","53"
"tt0082497","3.739","5.9","42"
"tt1082009","2.177","6.5","21"
"tt0054198","1.808","7","25"
"tt0758752","10.409","6.8","2332"
"tt1242432","12.65","6.4","903"
"tt0116587","1.777","6.4","14"
"tt1313092","7.129","6.8","375"
"tt0061420","2.232","6.3","18"
"tt0303243","2.445","7.3","20"
"tt1481572","6.451","6.5","141"
"tt0199290","2.888","5.9","18"
"tt1401152","11.98","6.6","1906"
"tt0110604","3.998","6.5","58"
"tt1194173","13.557","6.1","3473"
"tt0903624","24.642","7.2","11498"
"tt0893412","6.937","5.1","150"
"tt1570728","12.983","7.2","4244"
"tt0102500","1.902","5.6","18"
"tt1229238","19.35","6.9","5780"
"tt1440266","5.279","7.4","105"
"tt1396218","8.372","5.8","1426"
"tt0094701","2.585","5.5","41"
"tt1596350","12.057","6","2003"
"tt1595656","6.471","5.9","252"
"tt1655607","1.766","6.8","26"
"tt1605769","3.253","5.5","52"
"tt0083745","1.873","5.5","17"
"tt0816711","19.334","6.7","8550"
"tt0763831","7.456","6.1","613"
"tt1517260","11.182","6.2","2643"
"tt1646980","6.882","5.8","320"
"tt1655442","9.29","7.4","1680"
"tt1675434","18.026","8.2","9202"
"tt0119517","6.212","6.4","29"
"tt2017020","9.845","5.7","1115"
"tt1646971","30.995","7.7","5085"
"tt1821480","5.531","7.5","115"
"tt1770734","6.314","6","120"
"tt1450321","8.366","6.9","884"
"tt1758830","9.286","5.7","1220"
"tt1767382","5.355","5.2","175"
"tt1712170","10.848","5.1","407"
"tt1781840","2.695","6","27"
"tt0444781","1.624","4.6","14"
"tt2175927","3.996","3.3","34"
"tt2024432","11.907","5.7","2077"
"tt2015381","37.952","7.9","16508"
"tt2277860","15.535","7","7349"
"tt2082197","5.821","7.5","127"
"tt1821549","8.592","7.5","912"
"tt0882977","9.637","5.9","1446"
"tt2034139","7.128","4.5","283"
"tt1600196","19.421","6.7","1171"
"tt1911644","6.951","6.7","1696"
"tt2171867","8.236","5.1","329"
"tt2592614","0.837","5.9","1749"
"tt2140577","5.915","6.2","125"
"tt1171222","5.575","5.4","122"
"tt2265171","9.366","7.7","1117"
"tt2852400","5.003","7.3","107"
"tt2364975","4.086","7","74"
"tt1647668","6.639","6.8","338"
"tt2005374","9.11","6.3","726"
"tt2324384","2.124","6.8","34"
"tt1742044","6.994","6.9","362"
"tt2103254","9.036","5.2","690"
"tt2649554","8.765","6.3","1046"
"tt2494384","3.671","5.4","57"
"tt3297330","7.21","6","305"
"tt2361317","10.581","6.2","723"
"tt2831404","1.642","5.6","14"
"tt3381008","10.839","5.8","1182"
"tt3204144","5.795","6.5","235"
"tt3168230","12.06","6.5","1038"
"tt3399916","3.284","6.3","55"
"tt1472584","7.134","5.2","361"
"tt2401097","12.456","5.9","647"
"tt4160708","12.2","6.8","3401"
"tt3787590","8.459","6.4","1140"
"tt3735246","4.934","7.4","123"
"tt5278464","2.758","7.1","57"
"tt3882074","8.457","7.2","44"
"tt5221584","6.804","7.4","185"
"tt3495026","5.519","6.2","112"
"tt4572514","15.019","6.9","1220"
"tt5052448","31.142","7.5","7770"
"tt4425064","4.734","6.5","164"
"tt2424988","3.166","7","49"
"tt4287320","11.626","5.5","2511"
"tt3593046","2.631","5.9","59"
"tt0488870","1.874","7.5","17"
"tt0810951","1.947","5.3","14"
"tt0109144","2.416","4.8","13"
"tt1500516","1.641","6.3","17"
"tt0119107","2.303","7.9","14"
"tt0019563","2.383","6.8","11"
"tt0006333","1.501","6","12"
"tt0092723","1.088","4.1","14"
"tt0023196","2.375","6.8","17"
"tt1590125","1.935","5.2","21"
"tt0035959","1.405","7.1","11"
"tt1517252","0.793","6.9","14"
"tt0063642","1.432","6.3","12"
"tt0097008","0.718","4.4","15"
"tt0035703","1.796","7.1","12"
"tt0222012","0.946","6.1","11"
"tt0097053","0.909","5.9","16"
"tt0107719","1.442","5.6","16"
"tt0061502","1.4","6.7","15"
"tt0108260","0.956","6.6","14"
"tt0113463","1.14","5.2","14"
"tt1781784","1.42","7.1","14"
"tt0109098","1.383","4.8","13"
"tt0084675","2.918","6.8","12"
"tt1124396","1.131","3.4","13"
"tt0111271","1.996","6","14"
"tt0242572","0.845","6.9","13"
"tt0100129","1.892","5.5","12"
"tt0105631","1.4","5.8","11"
"tt2555958","1.446","6.1","14"
"tt4991384","0.891","8.4","15"
"tt4287434","2.058","7.4","17"
"tt0069442","2.53","6.8","15"
"tt0110722","2.149","5.9","11"
"tt0465407","1.729","6.6","11"
"tt0270846","6.013","2.2","65"
"tt0119842","1.058","6.8","12"
"tt0847897","1.81","5.7","11"
"tt1210071","2.378","6.9","11"
"tt1046198","1.564","6.9","11"
"tt0114084","2.156","6.3","11"
"tt0104376","2.186","5.1","11"
"tt1261393","1.4","7.2","13"
"tt1821317","0.724","6.9","11"
"tt0097971","1.953","4.5","13"
"tt0119870","1.176","3.9","11"
"tt0081218","1.645","6.5","11"
"tt1766044","1.781","7.6","11"
"tt3338434","0.918","6","12"
"tt0472126","1.777","6.7","10"
"tt0307596","2.349","7.7","6"
"tt0918628","1.283","5","4"
"tt0082464","0.64","6.8","8"
"tt0327036","0.6","5.3","3"
"tt0082005","1.96","5","1"
"tt0433398","0.652","6","2"
"tt0051885","0.84","6.3","9"
"tt0109376","1.429","2.9","7"
"tt1361809","0.942","5.6","7"
"tt0252223","1.744","5.8","8"
"tt0024166","1.241","7.6","5"
"tt0093743","0.928","5.1","8"
"tt0145394","1.021","6.8","6"
"tt0429277","1.981","3.8","5"
"tt0325005","1.466","5.1","7"
"tt0066773","1.26","5","10"
"tt0038213","1.441","7.7","10"
"tt0029852","1.648","6.6","9"
"tt1483010","1.334","6.1","4"
"tt0399901","1.268","5.4","5"
"tt0155713","1.4","5.1","5"
"tt0204350","2.313","4.6","9"
"tt0914382","2.073","6.1","10"
"tt0144134","0.657","5","1"
"tt0163984","1.401","5.6","5"
"tt0116269","1.924","5.2","5"
"tt0106447","2.064","5.6","9"
"tt0083254","2.698","5.2","10"
"tt0169302","1.273","7.9","6"
"tt0349159","0.6","5","2"
"tt0376144","1.195","6.3","7"
"tt0242256","1.4","5.6","8"
"tt0117724","0.6","6","1"
"tt0294289","0.728","5","4"
"tt0114371","0.6","6.1","4"
"tt0088821","1.669","6.6","8"
"tt0814005","1.747","4.7","3"
"tt0105508","1.719","6.5","10"
"tt1796603","0.632","3","8"
"tt1718881","0.714","4","4"
"tt0477337","1.711","5.6","8"
"tt0047494","1.569","3.8","7"
"tt0464665","0.878","5.3","6"
"tt0108041","0.6","6.9","5"
"tt0442781","1.595","6.1","6"
"tt0377321","0.6","6","2"
"tt0984202","0.651","7","2"
"tt0984177","1.915","6.6","4"
"tt1584131","1.523","4.9","9"
"tt0018183","1.247","8.8","4"
"tt0800164","1.243","5.6","5"
"tt0108320","1.16","8.5","2"
"tt1510907","1.304","5.5","3"
"tt0040597","1.799","6.7","7"
"tt0027690","1.926","4.5","2"
"tt2244376","0.674","8","1"
"tt0416730","1.729","2.7","3"
"tt0018618","1.067","7.6","5"
"tt0110289","0.681","4.3","3"
"tt0093067","1.632","7.5","2"
"tt0261755","1.4","6","2"
"tt1214961","1.4","6.7","7"
"tt0119579","1.594","6.8","4"
"tt2088871","1.4","5.5","9"
"tt1107828","0.623","1","1"
"tt3621288","1.169","4.8","8"
"tt3805180","0.6","6.3","8"
"tt3037582","0.696","8.2","10"
"tt4228746","1.204","5.3","3"
"tt4537362","0.989","1.4","10"
"tt4306116","0.6","7.5","2"
"tt5190958","0.674","9","2"
"tt5320514","2.621","7.5","10"
